hs6,n_hts8,completo
050800,1,True
250410,1,False
250490,1,True
251010,1,True
251020,1,True
251110,2,False
251910,1,True
251990,2,False
252490,1,True
252921,1,True
252922,1,True
253020,2,False
253090,3,False
260200,1,True
260300,1,True
260500,1,True
260600,1,True
260800,1,True
261000,1,True
261100,2,False
261210,1,True
261400,2,False
261590,2,False
261610,1,True
261710,1,True
262030,1,True
262099,1,False
270111,1,True
270112,1,True
270119,1,True
270120,1,True
270210,1,True
270220,1,True
270300,1,True
270400,1,True
270500,1,True
270600,1,True
270710,1,True
270720,1,True
270730,1,True
270740,1,True
270750,1,True
270791,1,True
270799,7,False
270810,1,True
270820,1,True
270900,2,False
271012,5,False
271019,11,False
271020,4,False
271091,1,True
271099,9,False
271111,1,True
271112,1,True
271113,1,True
271114,1,True
271119,1,True
271121,1,True
271129,1,True
271210,1,True
271220,1,True
271290,2,False
271311,1,True
271312,1,True
271320,1,True
271390,1,True
271410,1,True
271490,1,True
271500,1,True
271600,1,True
280120,1,True
280429,1,True
280450,1,True
280461,1,True
280480,1,True
280490,1,True
280519,3,False
280530,1,True
281111,1,True
281119,1,False
281129,2,False
281219,1,True
281390,1,False
281520,1,True
281610,1,True
281640,2,False
281700,1,True
281810,2,False
281820,1,True
281830,1,True
282010,1,True
282110,1,True
282120,1,True
282200,1,True
282300,1,True
282520,1,True
282550,1,False
282560,1,True
282580,1,True
282590,3,False
282612,1,True
282630,1,True
282690,1,False
282731,1,True
282739,3,False
282741,1,True
282749,1,False
282759,1,False
282760,2,False
283321,1,True
283325,1,True
283327,1,True
283329,3,False
283421,1,True
283429,2,False
283660,1,True
283691,1,True
283692,1,True
283699,2,False
284180,1,True
284190,2,False
284329,1,False
284330,1,True
284390,1,True
284410,2,False
284420,1,True
284430,2,False
284443,1,True
284590,1,False
284610,1,True
284690,3,False
284920,2,False
284990,1,False
285390,2,False
290345,1,False
290359,1,False
290369,1,False
290378,1,True
290379,1,False
290389,3,False
290392,1,True
290499,1,False
290529,1,False
290539,1,False
290559,2,False
290619,1,False
290629,1,False
290729,1,False
290819,1,False
290919,1,False
290920,1,True
290930,1,False
290949,4,False
290950,3,False
291219,1,False
291249,1,False
291419,1,True
291440,1,False
291450,2,False
291462,1,True
291469,2,False
291479,1,False
291529,1,False
291539,4,False
291590,5,False
291619,2,False
291620,1,False
291631,1,False
291639,2,False
291713,1,True
291719,2,False
291734,1,False
291739,1,False
291811,1,False
291813,1,False
291816,1,False
291819,2,False
291822,2,False
291823,2,False
291829,3,False
291830,3,False
291899,4,False
291990,2,False
292090,1,False
292119,2,False
292129,1,True
292130,2,False
292142,1,False
292146,1,True
292149,4,False
292159,1,False
292211,1,True
292214,1,True
292219,7,False
292229,3,False
292231,1,True
292239,3,False
292241,1,True
292242,1,False
292244,1,True
292249,6,False
292250,10,False
292310,1,True
292320,1,False
292390,1,False
292411,1,True
292419,2,False
292421,2,False
292429,5,False
292512,1,True
292519,2,False
292521,1,True
292529,3,False
292630,1,False
292640,1,True
292690,3,False
292700,2,False
292800,3,False
292990,2,False
293020,2,False
293030,1,False
293090,3,False
293149,1,True
293153,1,True
293190,2,False
293214,1,True
293219,1,False
293220,3,False
293299,3,False
293311,1,True
293319,3,False
293321,1,True
293329,5,False
293333,1,False
293334,1,True
293335,1,True
293337,1,True
293339,11,False
293341,1,True
293349,9,False
293352,2,False
293353,1,True
293354,1,True
293359,13,False
293369,1,False
293372,1,True
293379,3,False
293391,1,True
293399,28,False
293410,3,False
293420,2,False
293430,4,False
293491,1,True
293492,1,True
293499,19,False
293550,1,True
293590,13,False
293621,1,True
293622,1,True
293623,1,True
293624,1,False
293625,1,True
293626,1,True
293627,1,True
293628,1,True
293629,4,False
293690,1,False
293711,1,True
293712,1,True
293719,1,True
293721,1,True
293722,1,True
293723,3,False
293729,2,False
293750,1,True
293790,6,False
293810,1,True
293890,1,True
293911,1,True
293919,3,False
293920,1,True
293930,1,True
293941,1,True
293942,1,True
293944,1,True
293945,1,True
293949,1,False
293959,1,True
293962,1,True
293963,1,True
293969,1,True
293972,1,True
293979,1,True
293980,1,True
294000,1,False
294110,4,False
294120,2,False
294130,1,True
294140,1,True
294150,1,True
294190,3,False
294200,3,False
300120,1,True
300190,1,False
300212,1,True
300213,1,True
300214,1,True
300215,1,True
300241,1,True
300242,1,True
300249,1,True
300251,1,True
300259,1,True
300290,2,False
300310,1,True
300320,1,True
300339,2,False
300341,1,True
300342,1,True
300349,1,True
300390,1,False
300410,2,False
300420,1,True
300431,1,True
300432,1,True
300439,1,True
300441,1,True
300442,1,True
300449,1,True
300450,5,False
300460,1,True
300490,2,False
300630,2,False
300660,1,True
300670,1,True
300693,5,False
310420,1,True
310430,1,True
310490,1,False
310510,1,True
310520,1,True
310560,1,True
320300,1,False
320413,1,False
320417,1,False
320418,1,True
320611,1,True
320619,1,True
340242,3,False
360690,1,False
380894,2,False
381800,1,True
382491,1,True
382499,4,False
390190,1,False
390290,1,True
390461,1,True
390591,1,False
390599,1,False
390690,1,False
390710,1,True
390721,1,True
390729,1,True
390730,1,True
390761,1,True
390769,1,True
390770,1,True
390799,1,False
390810,1,True
391000,1,True
391190,2,False
391231,1,True
391239,1,True
391290,1,True
391390,2,False
391400,1,False
400110,1,True
400121,1,True
400122,1,True
400129,1,True
400130,1,True
440111,1,True
440112,1,True
440121,1,True
440122,1,True
440131,1,True
440132,1,True
440139,1,False
440141,1,True
440149,1,True
440210,1,True
440220,1,True
440290,1,False
440311,1,True
440312,1,True
440321,1,False
440322,1,False
440323,1,False
440324,1,False
440325,1,False
440326,1,False
440342,1,True
440349,1,False
440391,1,True
440393,1,False
440394,1,False
440395,1,False
440396,1,False
440397,1,True
440398,1,True
440399,1,False
440410,1,True
440420,1,True
440500,1,True
440611,1,True
440612,1,True
440691,1,True
440692,1,True
440711,1,True
440712,1,True
440713,1,True
440714,1,True
440719,1,True
440721,1,True
440722,1,True
440723,1,False
440725,1,True
440726,1,True
440727,1,True
440728,1,True
440729,1,False
440791,1,True
440792,1,True
440793,1,True
440794,1,True
440795,1,True
440796,1,True
440797,1,True
440799,1,False
440810,1,False
440831,1,False
440839,1,False
440890,1,False
440910,9,False
440921,2,False
440922,8,False
440929,8,False
441011,1,True
441012,1,True
441019,1,True
441090,1,True
441112,5,False
441113,5,False
441114,5,False
441192,4,False
441193,5,False
441194,1,True
441210,2,False
441231,8,False
441233,4,False
441234,3,False
441239,4,False
441241,1,True
441242,1,True
441249,1,True
441251,4,False
441252,4,False
441259,3,False
441291,5,False
441292,5,False
441299,6,False
441300,1,True
482020,1,True
490110,1,True
490191,1,True
490199,1,True
490210,1,True
490290,2,False
490300,1,True
490400,1,True
490520,1,True
490590,2,False
490600,1,True
491110,1,True
491199,2,False
710691,1,False
710812,1,False
711011,1,True
711019,1,True
711021,1,True
711029,1,True
711031,1,True
711039,1,True
711041,1,True
711049,1,True
711292,1,False
711890,1,True
720211,2,False
720219,2,False
720230,1,True
720241,1,True
720249,2,False
720250,1,True
720280,1,True
720291,1,True
720293,2,False
720421,1,True
740100,1,True
740200,1,True
740311,1,True
740312,1,True
740313,1,True
740319,1,True
740321,1,True
740322,1,True
740329,1,False
740400,2,False
740500,2,False
740610,1,True
740620,1,True
740710,3,False
740721,5,False
740729,5,False
740811,2,False
740819,1,True
740821,1,True
740822,2,False
740829,2,False
740911,2,False
740919,3,False
740921,1,True
740929,1,True
740931,3,False
740939,3,False
740940,1,True
740990,3,False
741011,1,True
741012,1,True
741021,2,False
741022,1,True
741110,2,False
741121,2,False
741122,1,True
741129,2,False
741210,1,True
741220,1,True
741300,3,False
741510,1,True
741521,1,True
741529,1,True
741533,3,False
741539,1,True
741810,1,True
741820,2,False
741920,1,True
741980,8,False
750890,1,False
790111,1,True
790112,2,False
790120,1,True
790200,1,True
790700,1,False
800110,1,True
800120,1,True
800200,1,True
800700,1,False
810110,1,True
810197,1,True
810320,1,True
810330,1,True
810391,1,True
810399,1,True
810411,1,True
810419,1,True
810420,1,True
810430,1,True
810490,1,True
810520,3,False
810530,1,True
810590,1,True
810610,1,True
810690,1,True
810820,1,True
810830,1,True
810890,2,False
811010,1,True
811020,1,True
811090,1,True
811100,2,False
811221,1,True
811222,1,True
811229,1,True
811241,2,False
811249,1,True
811259,1,True
811292,5,False
811299,2,False
854110,1,True
854121,1,True
854129,1,True
854130,1,True
854149,4,False
854151,1,True
854159,1,True
854190,1,True
854231,1,True
854232,1,True
854233,1,True
854239,1,True
854290,1,True
