hs6,etiqueta
260300,CONCENTRADO DE COBRE
740311,CATODO DE COBRE
710812,ORO ALEADO
283691,CARBONATO DE LITIO
080929,CEREZAS FRESCAS
260111,CONCENTRADO DE HIERRO
030441,FILETE DE SALMON ATLANTICO
740200,ANODOS
280120,YODO CRUDO
261310,CONCENTRADO DE MOLIBDENO
470321,CELULOSA BLANQUEADA
470329,CELULOSA BLANQUEADA EUCALIPTUS
080610,UVAS FRESCAS
261390,CONCENTRADO DE MOLIBDENO
230120,HARINA DE PESCADO
290511,METANOL
030214,SALMON ATLANTICO ENTERO HON
080810,MANZANAS FRESCAS
030355,JUREL ENTERO CONGELADO
401110,NEUMATICOS NUEVO
220421,VINO
282570,TRIOXIDO DE MOLIBDENO
283421,NITRATO DE POTASIO
030312,SALMON COHO SIN CABEZA
080222,AVELLSN
481092,CARTULINA MULTICAPA
470200,PULPA TEXTIL
080440,PALTAS FRESCAS
710691,PLATA
030481,FILETE DE SALMON ATLANTICO
282520,HIDROXIDO DE LITIO
020714,CARNE DE POLLO
740811,ALAMBRON DE COBRE
200290,PASTA DE TOMATE
030313,SALMON ATLANTICO ENTERO HON
150420,ACEITE DE PESCADO
283329,LSI S
441239,PLYWOOD
030482,FILETE DE TRUCHA ARCOIRIS
720270,FERROMOLIBDENO
081040,ARANDANOS FRESCOS
081050,KIWIS FRESCOS
310590,FERTILIZANTE MINERAL
470311,CELULOSA CRUDA
250100,SAL
440910,MADERA DE PINO RADIATA
440711,MADERA SIMPLEMENTE ASERRADA
441114,MOLDURAS DE FIBRA DE
080232,NUECES SIN CASCARA
080940,CIRUELAS FRESCAS
851714,TELEFONOS
732611,BOLAS DE ACERO
081320,CIRUELAS DESHIDRATADAS
020329,CARNE DE CERDO
260112,MINERAL DE HIERRO PELLET
081190,ARANDANOS
080231,NUECES CON CASCARA
150920,ACEITE DE OLIVA
281000,ACIDO BORICO
080620,PASAS DESHIDRATADAS
080521,MANDARINAS FRESCAS
390210,POLIPROPILENO
080550,LIMONES FRESCOS
040299,LECHE CONDENSADA
271019,FUEL OIL
310230,NITRATO DE AMONIO
080830,PERAS FRESCAS
261690,CONCENTRADO DE ORO
262030,ESCORIAS DE COBRE
271112,GAS PROPANO
160553,CHORITO CARNE
440122,ASTILLAS DE MADERA
030499,CARNE DE SALMON CONGELADA
271113,GAS BUTANO
220429,VINO
890190,SINCODIGO
151610,ACEITE DE PESCADO
200979,JUGO DE MANZANA
854449,CABLE DE COBRE
761290,LATA DE ALUMINIO
080510,NARANJAS FRESCAS
740400,CHATARRA
040221,LECHE EN POLVO
080930,NECTARINES FRESCOS
870840,CAJAS DE VELOCIDAD
811241,RENIO METALICO
282760,YODURO DE POTASIO
030314,TRUCHA ARCOIRIS SIN CABEZA
121229,ALGAS MARINAS
310420,CLORURO DE POTASIO
080522,CLEMENTINAS FRESCAS
441011,TABLERO DE PARTICULAS
260800,CONCENTRADO DE CINC
271012,GASOLINA AUTOMOTRIZ
190110,CEREALES
720449,CHATARRA FERROSA
160242,PULPA PALETA
210420,PREPARACIONES ALIMENTICIAS
080221,AVELLSN
200989,JUGO CONCENTRADO
130239,CARRAGHENINA
030442,FILETE DE TRUCHA ARCOIRIS
441829,PUERTAS DE MADERA
380892,FUNGICIDA
200870,DURAZNOS EN CONSERVA
200969,JUGO
020220,CARNE DE BOVINO
441192,TABLEROS DE FIBRA DE
200799,PURE DE MANZANA
210690,BASE BEBIDA
230990,ALIMENTO PARA PECES
271111,GAS NATURAL
200893,ARANDANOS
310250,SSI
283325,COPPERSULHATE
100510,SEMILLA DE MAIZ
040690,QUESO
480421,PAPEL KRAFT CRUDO
151800,GRASAS Y ACEITES
081110,FRUTILLAS CONGELADAS
840820,MOTOR DIESEL
060110,BULBOS
720720,PALANQUILLA DE ACERO
110412,HOJUELAS DE AVENA
130231,AGAR AGAR
310520,ABONOS MINERALES
030541,SLICE DE SALMON AHUMADO
240220,CIGARRILLOS
081120,FRAMBUESAS
020910,GRASA DE CERDO
020649,CABEZA DE CERDO
780191,ANTIMONY
391990,FILM AUTOADHESIVOS
030743,FILETE DE JIBIA CRUDO
170290,OLIGOFRUCTOSA
220300,CERVEZA
481141,PAPEL AUTOADHESIVOS
760200,DESECHOS DE ALUMINIO
740819,ALAMBRE DE COBRE
270400,COQUE
020322,PERNIL PIERNA
210120,TE INSTANTANEO
284190,PERRENATO
030822,LENGUAS DE ERIZO
731210,CABLES
030366,MERLUZA AUSTRAL HGT
392010,FILM DE POLIETILENO
160521,LANGOSTINO COLORADO
060220,PLANTAS
282741,OXICLORURO DE COBRE
701090,BOTELLAS DE VIDRIO
854460,CABLE DE COBRE
720429,DES Y DESP DE
080212,ALMENDRAS SIN CASCARA
847490,REVESTIMIENTO
271600,ENERGIA ELECTRIC
360340,DETONADOR NO ELECTRIC CAPSULA
450490,TAPON DE CORCHO
480519,PAPEL ENCOLADO PARA ACANALAR
300490,LAXANTE
070320,AJOS FRESCOS CONVENCIONALES
110422,AVENPELADA
030452,CARNE DE SALMON FRESCA
071080,ESPARRAGOS
020230,CARNE DE BOVINO
740100,MATAS DE COBRE
848340,REDUCTOR DE VELOCIDAD
284170,DIMOLIBDATO DE AMONIO
731010,TAMBORES DE ACERO
160411,SALMON ATLANTICO
070310,CEBOLLAS FRESCAS CONVENCIONALES
847150,SERVIDOR COMPUTACIONAL
711291,DESPERDICIO DE ORO
391310,ALGINATO DE PROPILENGLICOL
220422,VINO DE UVA
120991,SEMILLA DE ZANAHORIA
271121,GAS NATURAL
740710,PLETINA DE COBRE ELECTROLITICO
040410,LACTOSUERO
481930,SACOS DE PAPEL
480592,PAPEL
030614,CENTOLLA CONGELADO
291732,DOP
720430,CHATARRA DE FIERRO
847130,TABLET
441113,TABLEROS DE FIBRA DE
190190,MANJAR
870323,STATION WAGON CH
392061,PLANCHAS
847330,MODULO DE MEMORIA
200981,JUGO CONCENTRADO
700729,VIDRIO CONTRACHAPADO
030474,FILETE DE MERLUZA COMUN
030383,BACALAO SIN CABEZA COLA
880211,HELICOPTERO
740313,TOCHOS
890120,BUQUE CISTERNA
010221,VACAS
870410,CAMION VOLQUETE
870790,TOLVA
160419,CONSERVA
511219,TELA LANA PEINADA
030254,MERLUZA AUSTRAL
040210,LECHE DESCREMADA
190590,SNACK DE PAPAS
380290,KIESELGUHR ACTIVADO
850610,PILAS SECAS
200897,COCKTAIL DE FRUTA
480525,PAPEL
060319,PEONIA
081210,CEREZAS SULFITADAS
040900,MIEL
441012,TABLEROS
870322,STATION WAGON CH
190410,CEREAL PARA DESAYUNO
030446,BACALAO EN PORCIONES CRUDO
252329,CEMENTO
040590,GRASA LACTEA
282990,YODATO DE CALCIO
220410,VINO ESPUMOSO
200860,CEREZAS EN CONSERVA
230320,COSETA DE REMOLACHA
261790,MSAD
350400,PROTEINA HIDROLIZADA
081330,MANZANA SECA CONVENCIONAL
940350,CAMA
392321,BOLSAS
120510,SEMILLA DE CANOLA
050400,TRIPAS CERD
040510,MANTEQUILLA
390311,PERLAS DE POLIESTIRENO EXPANDIBLE
160529,LANGOSTINO AMARILLO
811249,RENIO METALICO
030479,MERLUZA DE COLA FILETE
110710,MALTA
121490,LUPINO
330210,ESENCIA
300420,ANTIBIOTICO
510111,LANA DE OVINOS
293890,STEVIA
440311,POSTES DE PINO RADIATA
030722,OSTIONES CONGELADOS
760720,PELICULA DE ALUMINIO
030213,SALMON COHO SIN CABEZA
080241,CASTANAS CON CASCARA
030354,CABALLA ENTERA
081340,CASCARILLA
180690,BON O BON
160232,PASTA DE POLLO
845020,LAVADORA
820713,BROCA DE PERFORACION O
060290,PLANTAS DE FRUTILLA VIVAS
780600,ANODOPB
310100,FERTILIZANTE
843149,ADAPTADOR ULTRALOK
700800,TERMOPANELES DE CRISTALES
020442,CARNE DE CORDERO CONGELADA
731021,ENVASE DE HOJALATA
190490,AVENA PELADA
030485,PORCIONES DE BACALAO CONGELADO
441112,TABLEROS DE FIBRA DE
901890,ARTROSCOPIO
330300,PERFUMES
841911,CALENTADOR DE AGUA
130219,EXTRACTO DE QUILLAJA
294200,ACETATO DE GLATIRAMER
880212,HELICOPTERO
880230,AVION
071090,VEGETALES CONGELADOS
711890,MONEDA
392310,CAJAS PLASTICAS
120600,SEMMAR
842951,CARGADOR FRONTAL
140490,MUSGO
071290,SEMILLA DE MAIZ DULCE
731420,MALLAS
250300,AZUFRE
511211,TELA LANA PEINADA
722880,BARRA DE PERFORACION
190219,PASTAS ALIMENTICIAS
848180,VALVULA
711292,CATALYST
380891,INSECTICIDA
732690,CUERPOS DE ACERO
391690,HILO DE NYLON
560122,VARILLAS DE FILTRO
481190,CARTULINA MULTICAPAS
401180,NEUMATICOS NUEVOS
030454,PEZ ESPADA
721240,ZUNCHO
280800,ACIDO NITRICO
392112,LAMINAS
160250,HAMBURGUESA DE BOVINO
381239,ESTABILIZANTE COMPUESTO
051191,HUEVAS DE SALMON ATLANTICO
841391,PARTES Y PIEZAS DE
480591,PAPEL ENCOLADO
030543,FILETE DE TRUCHA AHUMADA
940690,BLINDAJE ELECTROMAGNETICO
732111,COCINA
852691,SISTEMA DE MONITOREO GPS
320619,PREPARACION COLORANTE
842649,TRACTOR TIENDETUBOS
291734,DIBP
190531,GALLETAS DULCES
030990,KRILL CRUSTACEO DESHIDRATADO
291813,TARTRATO DE CALCIO
382499,PREPARACION CONCENTRANTE
441600,BARRILES
340242,PREPARACION TENSOACTIVA
391721,TUBOS RIGIDOS
081090,GRANADAS FRESCAS
441194,MOLDURA DE MDF
321519,TINTAS DE IMPRESION
210320,SALSA DE PIZZA
360200,BOOSTER CILINDRICO
200710,PREPARACIONES HOMOGENIZADAS
843041,MAQUINA PERFORADORA
210130,CEBADA TOSTADA
360500,CAJAS DE FOSFOROS
830990,TAPAS
480300,PAPEL HIGIENICO
200819,ALMENDRAS
330510,SHAMPOO
230110,HARINA DE VICERAS
300190,HEPARINA
120799,GRANO DE CHIA
330290,FRAGANCIA
200840,PERA EN CUBOS
961900,PANALES PARA BEBES
710813,CONCENTRADO DE ORO
120930,SEMILLAS DE FLOR
842121,PLANTA DE TRATAMIENTO DE
870431,CAMIONETA CH
392062,ZUNCHO
843139,KIT DE REPUESTOS
721720,ALGALV
700529,VIDRIO FLOTADO
030357,PEZ ESPADA HGT
711299,ARENA PRECIOSA
480451,CARTULINA MULTICAPA
180310,PASTA DE CACAO
841830,VITRINA
230910,ALIMENTOS DE MASCOTAS
681182,PLANCHAS LISAS
020727,CARNE DE PAVO
300410,ANTIBIOTICO
030389,CONGRIO DORADO HGT
731029,CAJAS
840890,MOTOR DIESEL
481950,ENVASES DE CARTON TUBULARES
271500,CEMENTO ASFALTICO
844331,IMPRESORA MULTIFUNCIONAL
350691,ADHESIVO
282739,CLORURO DE ZINC
851762,ROUTERS
740319,LISTONES
300660,ANTICONCEPTIVOS
600537,MALLA SOMBRA
240120,TABACO
620311,TRAJE
841850,VITRINA VERTICAL
870421,CHASIS CABINADOS
392510,ESTANQUE RAMR DE DESCARGA
392350,TAPAS PLASTICAS
841199,KIT DE PALA
441700,ESPATULAS
220510,COCTEL DE VINO
720421,CHATARRA DE ACERO INOX
030445,LOMOS DE PEZ ESPADA
847990,LANZA TERMICA
030492,BACALAO DE PROFUNDIDAD
410419,CUERO DE BOVINO
252800,ULEXITA NATURAL GRANULEX
110290,HARINAAVENA
220820,PISCO
870899,CONFIGURACION DE RECINTO
841221,CILINDRO HIDRAULICO
120770,SEMILLA DE MELON
440321,TROZOS
160557,CONSERVA DE ABALON ROJO
482369,VASOS
760310,POLVOS Y ESCAMILLAS DE
282550,FUNGICIDA
481940,SACOS DE PAPEL
870423,CAMION MINERO
841459,VENTILADOR AXIAL
854690,ISOLADOR POLIMERICO
440322,POSTES
281390,PENTASULFURO DE FOSFORO
481910,CAJAS DE CARTON
293149,DITIOFOSFINATO DE SODIO
392330,PREFORMAS PET
150930,ACEITE DE OLIVA
150940,ACEITE
852910,ANTENA
200520,PAPAS
220710,ALCOHOL ETILICO SIN DESNATURAL
300442,ANTIGRIPAL
382219,REACTIVOS
843143,ADAPTADOR
410411,CUERO
121190,ROSA MOSQUETA
300439,ANTIGLAUCOMATOSO
851713,TELEFONOS CELULARES
470710,DESPERDICIOS Y DESECHOS
842539,CABRESTANTE
280700,ACIDSULF
480524,PAPEL
842959,EXCAVADORA
848350,POLEA
350610,ADHESIVO PREPARADO
852872,TELEVISOR LED
200971,JUGO CONCENTRADO
440810,HOJAS PARA CHAPADO LAMINAS
890400,REMOLCADOR DE ALTA MAR
070200,TOMATES FRESCOS
842919,TOPADOR FRONTAL BULLDOZER
380899,DICLOROPROPENO CLOROPICRINA
170410,GOMA DE MASCAR
350699,ADHESIVO
847170,DISCO DURO
160559,NAVAJAS EN CONSERVA
551421,TELA PARA TAPIZAR
640299,ZAPATOS
843050,MAQUINA DE DESHIDRATACION DE
903180,SISTEMA D MEDICION VOLUMETRICO
220291,CERVEZA
570242,ALFOMBRAS
080910,DAVARMH
401012,CORREA TRANSPORTADORA
410712,CUERO DE BOVINO
842952,EXCAVADORA
841440,COMPRESOR DE AIRE
392390,PALLET
310290,SSI SSO
210112,CAFE INSTANTANEO
392690,BORDES
730890,PANEL
843049,EQUIPO DE PERFORACION
280490,SELENIO
560311,FILM DE POLIETILENO LAMINADO
442199,PALITOS PARA FOSFOROS
847989,SISTEMA DE TRATAMIENTO
200899,PURE DE FRUTAS
721420,BARRA DE ACERO
630140,MANTAS
482370,BANDEJAS
321410,PASTA EPOXI
841350,BOMBA HIDRAULICA
330590,ACONDICIONADOR
847780,MAQUINA PRODUCTORA DE BOLSAS
285390,FOSFURO DE MAGNESIO
071333,SEMILLAS DE POROTO
071021,ARVEJAS
030792,LOCOS CONGELADOS
620331,CHAQUETA
681091,PLACAS DE CEMENTO
390690,POLIMEROS ACRILICOS
070956,TRUFAS NEGRAS FRESCAS
720241,FERROCROMO
382319,ACIDO GRASO
843141,ADAPTADOR METALICO
853710,PANEL DE CONTROL
220830,BEBIDA ESPIRITUOSA
903149,RADAR SENSOR
480810,PLANCHAS DE CARTON
030752,PULPO DEL NORTE CONGELADO
732619,COMBILINER DE ACERO
850450,KIT DE REBOBINADO
842911,TOPADOR FRONTAL BULLDOZER
850213,GRUPO ELECTROGENO
151590,ACEITE
210390,CONDIMENTOS Y SAZONADORES
282720,CLORURO DE CALCIO
160415,CONSERVAS
871639,SEMIREMOL
020319,PANCETA DE CERDO
300212,PLASMA D PORCINOS EN
110630,MANZANA SECA
010641,ABEJAS VIVAS
410792,CUEROS TERMINADOS
842230,MAQUINA PARA LINEA DE
540771,MALLA ANTIAFIDO
020629,DESPOJO DE BOVINO
841430,COMPRESOR
340239,PREPARACION TENSOACTIVA
841899,EVAPORADOR
711029,PALADIO
180400,MANTECA DE CACAO
280429,HELIO
730840,MATERIAL DE ANDAMIAJE
020443,CARNE DE CORDERO CONGELADA
290129,METIL METILENO OCTADIENO
284150,CROMATO DE COBRE
220210,BEBIDAS CARBONATADA
410150,CUERO
847940,ENRROLLADOR DE CABLES
391739,LINEAS DE RIEGO
200599,PURE DE ZAPALLO
841480,SISTEMA DE VENTILACION
853650,INTERRUPTOR
392020,ZUNCHO
390422,COMPUESTO
490199,LIBROS
853190,DISPOSITIVO ETIQUETA ALARMA
360690,INICIADOR DE FUEGO
390791,RESINA DE POLIESTER
870121,TRACTO CAMION
391732,TRIPA ARTIFICIAL
842139,FILTRO
842240,MAQUINA EMPAQUETADORA
681099,DURMIENTES DE HORMIGON
321490,SELLADOR
681599,CELL
482110,ETIQUETAS DE PAPEL
847740,TERMO
120590,SEMILLA
902290,KIT DE REPARACION
720230,SILICO MANGANESO
441510,BINS DE MADERA
841229,MOTOR HIDRAULICO
842542,EQUIPO PARA CAMBIO DE
071029,HABAS
620343,PANTALON LARGO
741300,ERHCCUD
151211,ACEITE DE GIRASOL
020621,DESPOJO DE BOVINO
380893,HERBICIDA
842920,MOTONIVELADORA
630533,MAXISACOS
151710,MARGARINA
220840,RON
170490,BON O BON
842831,ALIMENTADOR DE CINTA
441520,PALLETS DE MADERA
940620,REFUGIO PORTABLE MINERO
870590,EQUIPO PARA PROYECCION
160562,LENGUAS DE ERIZO COCIDAS
730650,TUBO
842641,GRUA
732189,CALEFACTOR
711311,CHARM DE PLATA
722830,BARRAS
850440,FUENTE DE PODER
620341,PANTALON LARGO
847439,MEZCLADOR
721391,ALAMBRON
831110,ELECTRODO
842132,CONVERTIDORES CATALITICOS
481820,TOALLA DE PAPEL
120921,SEMILLAS DE ALFALFA
440131,PELLETS
841490,IMPULSOR
030495,MERLUZA DEL SUR COLLARES
841290,CABEZAL
030399,ESQUELON DE SALMON ATLANTICO
220299,VINO DESALCOHOLIZADO
291812,ACIDO TARTARICO
843031,MAQUINA PERFORADORA
270112,HULLA BITUMINOSA
030783,ABULONES ROJOS CONGELADOS
842620,GRUA TORRE
030491,LOMOS ALBACORA PEZ ESPADA
291739,TOTM
360310,MECHA DE SEGURIDAD
020712,POLLO ENTERO
150890,ACEITE DE MANI
051000,MUCOSA
902620,SENSOR
880624,DRONES
300449,FENTANILO
853720,GABINETE DE CONTROL
731589,CADENA DE ACERO
151620,MANTECA
481810,PAPEL HIGIENICO
847180,TARJETA CONTROLADORA
020641,HIGADO DE CERDO
253090,CLORURO DE MAGNESIO
870324,VAGONETA
360360,DETONADOR ELECTRICO
902230,TUBOS DE RAYOS X
390110,POLIETILENO DE BAJA DENSIDAD
283531,TRIPOLIFOSFATO DE SODIO
080420,HIGOS
300432,ESTROGENOTERAPIA
720211,FERRO MANGANESO
848330,BUJE
842820,PLATAFORMA ELEVADORA
870510,CAMION GRUA
391729,TUBERIA
251110,BARITINA FINO
160510,CARNE DE JAIBA
300242,VACUNA
841191,MODULO GENERADOR
761090,PANEL
710692,SOLDADURA
330499,PROTECTOR SOLAR
071239,HONGOS
392329,BOLSAS
854929,DESECHOS PARA RECUPERACION DE
830220,RUEDAS
730451,BARRA DE PERFORACION
491110,CARTA DE COLORES
853669,ENCHUFE
482020,CUADERNOS
380894,DESINFECTANTE
610910,POLERAS
880730,CONJUNTO CONTROL
020430,CANALES DE CORDERO
880699,DRONE
340130,JABON
330720,DESODORANTE
761699,TAPAS PELL OFF
283010,SULFHIDRATO
090230,TE NEGRO FERMENTADO
020130,RLOMOVETSH
070110,SEMILLA DE PAPA
390939,RESINAS AMINICAS
020422,CHULETA FRANCESA
910299,RELOJ
830241,SISTEMA DE METAL
390769,MEZCLA DE RESINAS PET
851718,NODO
730459,TUBOS DE ACERO
700719,VIDRIO
283620,CENIZA DE SODA PESADA
841360,SISTEMA DE LANZAS TIPO
284700,PEROXIDO DE HIDROGENO
330190,NATAXTIN OIL
080540,POMELOS FRESCOS
481159,PELICULA DE PAPEL
850132,MOTOR ELECTRICO
320910,BARNIZ
030391,MERLUZA DE COLA HUEVAS
940429,COLCHONES DE RESORTES
200570,ACEITUNAS
740721,CHATARRA DE LATON
110720,MALTA
851779,ENRUTADOR
731441,RED DE ALAMBRE DE
100490,AASAAVENTERA
731815,PERNOS
121221,NATAXTIN PUREMASS
842482,EQUIPO DE RIEGO
853590,TERMINALES ELECTRICOS
852852,MONITOR
391590,POLIESTIRENO
401699,DIAFRAGMA
401011,CORREA TRANSPORTADORA
293690,GRANOVIT
480441,CARTULINA MULTICAPA
847720,MAQUINA EXTRUSORA
620442,VESTIDO
901580,RADAR TRANSCEPTOR
540822,TELA JACQUARD
870891,RADIADOR
848120,VALVULA
210111,CAFE INSTANTANEO SOLUBLE
151411,ACEITE
030444,FILETE DE MERLUZA AUSTRAL
291733,DINP
392119,LAMINAS
190120,MEZCLA EN POLVO PARA
830242,CORREDERA
841869,CAMARA FRIGORIFICA
290219,ALPHA PINENE
293214,SUCRALOSA
830249,KIT DE MONTAJE
400122,NIMBO
560819,RED PECERA
010613,ALPACAS VIVAS
850490,CONVERTIDOR
120750,SEMILLA DE MOSTAZA
880400,PARACAIDAS
848310,EJE
840999,INYECTOR DE COMBUSTIBLE
854370,EQUIPO PURIFICADOR DE AIRE
010129,DONACLOTA
847410,SISTEMA ESPESADOR
811100,CHATARRA DE MANGANESO
850131,MOTOR ELECTRICO
850980,LIMPIADOR FACIAL
030211,TRUCHA ARCOIRIS ENTERO HON
871631,SEMIREMOLQUE
940290,CAMA HOSPITALARIA
852692,SISTEMA DE RADIOTELEMANDO
870210,BUS D
481920,ESTUCHES DE CARTULINA
760612,CHAPAS DE ALUMINIO
841121,MOTOR TURBOPROPULSADO
871150,MOTOCICLETA
848190,CUERPO VALVULA
852862,PROYECTOR MULTIMEDIA
481420,PAPEL MURAL
842389,SISTEMAS DE PESAJE
846229,CURVADORA DE TUBOS
870520,CAMION PERFORADOR DIESEL
540772,MALLA TENIDA
850760,BATERIA
180632,CHOCOLATE
870540,EQUIPO MIXER
901390,CONJUNTO DE CABEZAL
100410,AVENA
090422,PIMENTON
420100,ROPA TEXTIL
281410,AMONIACO ANHIDRO
900720,PROYECTOR
853620,DISYUNTOR
110429,CEBADA
722540,PLANCHAS DE ACERO ALEADO
010690,GUSANOS VIVOS
283522,SODIUM DIETHYL DITHIOPHOSPHATE
820719,TRICONO
730900,CAJAS DE METAL VACIAS
681381,BAL
030742,JIBIA O CALAMAR
320890,PINTURA
400510,MEZCLA DE CAUCHO
620520,CAMISAS
847329,CARCASA
081070,CAQUIS FRESCOS
843420,CHILLER
731824,PASADOR
261900,LAMINILLAS
291531,ACETATO DE ETILO
390140,MASTERBATCH ANTIBLOCK
844316,IMPRESORA
721661,PERFIL DE ACERO
391722,TUBOS
392030,LAMINA
030489,REINETA FILETE
841181,TURBINA A GAS
071310,SEMILLA DE ARVEJA
901831,JERINGAS
843880,PLANTA PROCESADORA
852351,BANDEJA DE CONEXION
290491,CLOROPICRINA
870380,VAGONETA
590210,NAPA TRAMADA
870340,STATION WAGON CH
392049,TAPACANTOS
721061,ACEROS LAMINADOS SIN ALEAR
340290,DETERGENTE
902750,CLASIFCADOR DE CELULAS
151790,MEZCLAS ALIMENTICIAS
350790,GRANOZYME
150790,ACEITE DE SOJA
851771,TORRE
842720,GRUA HORQUILLA
680911,PLANCHAS DE VOLCANITA
200949,JUGO DE PINA
392190,FILM LAMINADO
842129,FILTRO
441821,PUERTAS
722810,BARRAS
841370,BOMBA VERTICAL
320417,MASTERBATCH
844120,MAQUINA SOBRE MULTICAPA
120110,SEMILLAS DE SOYA
283711,CIANURO
854442,CABLE
220430,MOSTO
722870,ANGULO
650700,ARNES DE SOPORTE
160554,TROZOS DE JIBIA EN
890790,VIVERO FLOTANTE
690390,COPELAS
840991,INYECTOR
902139,VALVULAS
851711,TELEFONOS DE AURICULAR
440799,SIN COD
902519,SENSOR TERMICO
051199,DESPOJO DE POLLO
120190,SEMILLA DE SOYA
851610,CALEFON ELECTRICO
840310,CALDERA
271311,CARBON DE PETROLEO
470720,PAPEL DESPERDICIOS
721050,HOJALATA
401693,SELLO
230690,XIA POWDER
844339,IMPRESORA
392590,MODULO FRP
871200,BICICLETA
391740,CODOS
940391,COSTADOS
842199,PLANTA DE TRATAMIENTO
391400,LIMPIADOR BASE SOLVENTE
841939,SECADOR ROTADISCOS
391723,TUBERIA HIDRAULICA
030245,JUREL FRESCO
401019,CORREA TRANSPORTADORA
390940,RESINA FENOLICA
844319,MAQUINA DE IMPRESION
060490,FOLLAJE
848360,ACOPLAMIENTO
392490,BLOUSEHANGER
852589,CAMARA FOTOGRAFICA
391733,LINEA DE RIEGO
854470,CABLE DE FIBRA OPTICA
850422,TRANSFORMADOR ELECTRICO
200880,FRUTILLA
330749,DESODORANTE
860900,CONTENEDOR
760120,LINGOTES
902140,AUDIFONOS
843860,LINEA DE PRODUCCION
842123,FILTRO
880694,AGRAS T DRONE
420292,MOCHILA
591190,TELA FILTRANTE
391620,PERFIL
850153,MOTOR DE RUEDA
910121,RELOJ DE PULSERA AUTOMATICO
841810,REFRIGERADOR
844332,IMPRESORA
070920,ESPARRAGOS FRESCOS
841381,BOMBA
846799,RODILLO
030821,LENGUAS DE ERIZO FRESCAS
392114,PANOS DE ESPONJA
901320,LASER
100630,ARROZ
848140,VALVULA
780200,CHATARRA DE PLOMO
200990,MEZCLAS DE JUGOS
160556,ALMEJA EN CONSERVA
650610,CASCOS DE SEGURIDAD
901180,MICROSCOPIO
854411,CABLES
382290,REACTIVOS DE DIAGNOSTICOS
880220,AVION
854511,ELECTRODOS DE GRAFITO
850300,KIT DE REBOBINADO
030631,LANGOSTAS DE JUAN FERNANDEZ
441990,CUBIERTOS
854231,CONTROLADOR
283525,FOSFATO BICALCICO
320649,MASTERBATCH
081400,NARANJA LANE LATE
847950,ROBOT INDUSTRIAL
850134,MOTOR DE TRACCION
902214,SISTEMA DE IMAGENES INTRAOPERATORIAS
220890,APEROL
848390,EJE
392113,LAMINAS DE POLIURETANO
847420,EQUIPO PARA POYECCION DE
843359,MAQUINA COSECHADORA
382440,ESTABILIZADOR DE SUELO
870850,TRANSMISION
843699,CABEZAL
848790,SELLOS
300450,METABOLISMO OSEO
851671,CAFETERA ELECTRICA
847149,SIN CODIGO
210500,HELADO
848220,RODAMIENTO
854143,PANEL SOLAR
902219,SENSOR XRF
901850,EQUIPO LASER OFTALMOLOGICO
901839,CATETER
843680,MAQUINA
870710,CABINA MODULAR
902000,RESPIRADOR
711019,PLATINO
150990,ACEITE DE OLIVA
844180,SIERRA DE TRONCOS PARA
850410,TRANSFORMADORES
283311,SULFDESODIO
940490,TAPAS
290519,METIL ISOBUTIL CARBINOL
950300,JUGUETES
390120,POLIETILENO DE ALTA DENSIDAD
040610,QUESO
731100,CILINDROS DE ACERO
730820,TORRE DE ACERO COMPLETA
853690,CONTACTOR
210610,CONCENTRADO DE PROTEINAS
030382,RAYA VOLANTIN
903039,EQUIPO DE PRUEBA ALTO
200190,CEREZAS COLOREADAS
871140,MOTOCICLETA
071220,CEBOLLAS
721049,ACERO GALVANIZADO
843820,MOLDEADORA
846239,LINEA DE PROCESAMIENTO
851830,AUDIFONOS
844250,PLANCHA SERIGRAFICA
262011,MATAS DE GALVANIZACION
731816,TUERCAS
292241,LISINA
721730,ALAMBEZINAL
640340,CALZADO DE SEGURIDAD
840810,MOTOR DIESEL
320611,DIOXIDO DE TITANIO
481830,SERVILLETAS
160431,CAVIAR DE ESTURION
850423,TRANSFORMADOR DE CORRIENTE
071040,CHOCLO
820600,JUEGO DE HERRAMIENTAS
482390,ENVASES
560313,TELAELASTICADA
080840,MEMBRILLOS FRESCOS
030368,MERLUZA DE TRES ALETAS
830210,BISAGRAS
100590,SEMILLA DE MAIZ
120999,HIBRID
292429,ACETAMINOFENO
190532,GALLETA
847982,MODULO
190230,PASTAS ALIMENTICIAS
090121,CAFE
670420,PELUCA
844399,CARTUCHO DE TONER
851180,INYECTOR
850152,MOTOR ELECTRICO
441299,TABLEROS
230700,LIAS
030289,COJINOBA DEL NORTE
390931,POLIMEROS MDI
090210,TE VERDE SIN FERMENTAR
852791,RADIOS
321511,TINTAS DE IMPRESION
392043,LAMINAS
480990,PAPEL TERMICO
281119,ACIDO ARSENICO
841330,BOMBA DE ACEITE
400931,MANGUERAS
870870,RUEDAS
120922,SEMILLA DE TREBOL
420222,ACCESORIOS PARA DAMAS
903290,SENSOR DE TENSION PERNO
070959,TRUFAS
450310,TAPON
620411,TRAJE
160420,HAMBURGUESA DE SALMON ATLANTICO
620349,PANTALON
851580,SOLDADORA
841981,MAQUINA DE CAFE
851822,ALTAVOCES
400220,CAUCHO
390729,POLIOL
842890,PLATAFORMA
400219,CAUCHO
761010,MARCOS
170199,AZUCAR
180620,CHOCOLATE
630630,VELAS
843810,GRUPO DE AROMATIZACION
390950,RESINA DE POLIURETANO
391890,REVESTIMIENTOS DE PLASTICO PARA
721070,ACEROS LAMINADOS SIN ALEAR
381600,HORMIGON REFRACTARIO
630900,HAMACA
870443,CAMION ARTICULADO
621010,OVEROL DE TRABAJO
732399,MOLDES
840790,MOTOR
701010,AMPOLLA DE VIDRIO
870360,AUTOMOVIL
850940,LICUADORAS
730830,PUERTASBATIENTEA
330410,LABIAL
851150,ALTERNADOR
850720,CELDA ACUMULADOR
530919,TELA LINO
842611,GRUA PUENTE
843840,STRANSBOT
761510,SARTEN
852859,PANTALLA INTERACTIVA
320300,COLORANTE NATURAL
721123,FLEJE
846719,SISTEMA HIDRAULICO MARTILLO
841090,RODETE
851130,KIT DE REBOBINADO
711319,CADENAS
030369,MERLUZA DE COLA HGT
390421,COMPUESTO
841510,EQUIPO DE AIRE ACONDICIONADO
721710,ALTREFILADO
841840,VITRINA VERTICAL
441899,PANEL CIELO
902110,FAJA
840710,MOTOR DE HELICOPTERO
392410,CACEROLA
210210,LEVADURA
550630,FIBRA ACRILICA
392059,LAMINAS
842839,ALIMENTADOR DE BARRAS
730729,SPOOLS
846390,LINEA DE ENSAMBLE DE
870880,AMORTIGUADOR
843290,DISCOS
410441,CUEROS CURTIDO
847790,TROQUEL
391000,ANTIESPUMANTE SILICONADO
843010,HINCADORA SOLAR T
730719,COPLA
903289,CONTROLADORES
261000,ARENA DE CROMITA
220600,SANGRIA
854239,TARJETA ELECTRONICA
180631,CHOCOLATE
390190,RESINA DE POLIETILENO
230310,CONCENTRADO PROTEINA DE MAIZ
853230,CONDENSADOR DE AIRE
620332,CHAQUETA
902789,EQUIPO ANALIZADOR
950691,MANCUERNAS
700721,PARABRISAS
340120,JABON LIQUIDO
840734,MOTOR
910129,RELOJ DE PULSERA
250510,ARENAS NATURALES
850140,MOTOR ELECTRICO
970191,PINTURAS
410719,CUERO BOVINO
730630,CANERIA
854390,KIT DE REPARACION
852990,SENSOR DE INFRAROJO
847920,PRENSA EXTRACTORA DE ACEITE
220900,VINAGRE
010410,CORDEROS
842940,RODILLO COMPACTADOR
846290,MAQUINA
391510,RECORTES DE PLASTICO
630790,FAJAS LUMBARES
200911,JUGO DE NARANJA CONGELADO
230210,HARINA DE MAZORCA
720852,PLANCHA
741110,TUBOS
870830,SISTEMA DE CORTE DE
600538,MALLA SOMBRA
200961,JUGO DE UVA
020441,CARCASA DE OVINO
220190,AGUA NATURAL
842430,EQUIPO DE AGUA ALTA
853080,SISTEMA DE PEAJE DE
210410,CALDO
292019,AGENTE COLECTOR
721933,CHAPAS DE ACERO INOXIDABLE
281129,ANHIDRIDO
680510,ESPONJA
392520,VENTANA
846226,ALISADORA
851850,SIMPLIFIERX
902300,MOBSIM
381590,CATALIZADOR
480411,PAPEL KRAFTLINER
790200,CENIZAS DE ZINC
846222,MAQUINA BOORDADORA INSERTADORA
854232,MEMORIA DE SERVIDOR
610990,CAMISETA
283526,FOSFATO MONODICALCICO
847160,TECLADO
870310,UTV
850432,TRANSFORMADOR ELECTRICO
441881,PILARES Y VIGAS DE
340520,LUSTRAMUEBLES
830140,CERRADURA
846721,DESTORNILLADOR
851821,ALTAVOZ
870193,TRACTOR AGRICOLA
401120,NEUMATICO
251200,HARINA SILICEA NO ACTIVADA
846694,MANDRIL HIDRAULICO
901813,BOBINA DE CUERPO
880622,DRONES
090190,KIT DE ARTICULOS DE
848210,RODAMIENTO
902190,BOMBA DE INSULINA
830250,SOPORTE METALICOS
400921,MANGUERA
220870,LICOR
890200,PESQUERO DE ALTAMAR
020423,ENTRECOT
081290,DAMASCOS EN SAL
340119,TOALLITAS HUMEDAS
690320,CRISOLES
940320,GABINETE
851660,HORNO
580300,MALLA ANTIGRANIZO
842490,CALF
230800,GRANULADO DE MAZORCA
081350,NUEZ C CASCARA MIXTA
730423,TUBOS DE PERFORACION
722691,PLANCHUELA
380862,INSECTICIDA
640419,CALZADOS
960810,BOLIGRAFO
940161,SOFAS
620220,ABRIGO
030453,COCOCHA DE MERLUZA AUSTRAL
220720,ALCOHOL ETILICO
382100,CULTIVO
842691,GRUA HIDRAULICA
722012,PLANCHAS DE ACRO INOXIDABLE
848130,VALVULA DE RETENCION
902131,PROTESIS
860799,CONUNTO EMPUNADURAS
850750,BATERIA
842489,EQUIPO FULLCOVER
441819,VENTANAS DE MADERA
851140,MOTOR DE PARTIDA
220850,GIN
831190,BARRA
130190,GOMA LACA
848230,RODAMIENTO ESFERICO
870130,TRACTOR
720410,DES Y DESP DE
440791,PLANKS
611521,PANTY DE MUJER
400942,MANGUERA
850212,GENERADOR
842131,ELEMENTO FILTRANTE
291619,SORBATO DE POTASIO
360100,POLVORA
848250,RODAMIENTO
340510,BETUN
870220,BUS
731822,ARANDELA
420221,CARTERA
020312,LOMO VETADO DE CERDO
940542,EQUIPOS DE FOTOPERIODO
283510,COLECTOR AP A
391910,CINTAS FILTRANTES
292910,DI ISOCIANATO DE TOLUENO
391290,CELULOSA MICROCRISTALINA
732591,BOLAS DE ACERO
400260,CAUCHO SINTETICO ISOPRENO
910291,RELOJ
151219,ACEITE DE GIRASOL
391190,RESINA FURANICA
871130,MOTOCICLETA
844110,CORTADORA BONINADORA
680790,TEJAS
851679,KIT DE COCINA
581100,METRO TORTA
440398,ROLIZZO
310490,FERTILIZANTE
620431,CHAQUETA
400591,KIT DE EMPALME
160249,ESTOMAGO COCIDO
400400,DESPERDICIOS Y DESECHOS DE
854420,CABLE
210330,MOSTAZA
841821,REFRIGERADOR
850164,GENERADOR DE CORRIENTE ALTERNA
853180,DETECTOR
871160,BICICLETA
490600,PLANOS ARQUITECTONICOS
851761,EQUIPOS DE ESTACION BASE
843850,LINEA DE EMBUTIDOS
845210,MAQUINAS DE COSER
846262,PRENSA
731512,KIT CADENA
840219,CALENTADOR DE AGUA
910111,RELOJ
843120,AROTROSPRODUCTO
282300,DIOXIDO DE TITANIO
611610,GUANTES
851511,SOLDADORA
370130,PLANCHA FLEXOGRAFICA
300441,ANTISEPTICO BUCOFARINGEO ANTIT
841122,MOTOR TURBOHELICE
842381,BALAZAS ELECTRONICAS
960330,KIT DE MAQUILLAJE
731414,MALLA
852380,TARJETA DE MEMORIA
262019,OXIDO DE ZINC CRUDO
870332,STATION WAGON
850110,MOTOR ELECTRICO
441840,VIGAS
841940,DESTILADOR
841590,SENSOR
720221,SILICIO
830260,CERRADERO G U HERRAJES
901920,SENSOR
732599,BASE DE RODILLO
940511,SINCODIGO
854519,ANODOS
121410,ALFALFA
880710,PALAS
300693,ANTIPSICOTICO
760429,RIELES
720441,DESPERDICIOS Y DESECHOS DE
010121,SHINING
100290,CENTMAXI
847290,CONTADORAS
900211,LENTE
190420,BARRA DE CEREAL
730799,CARRETE
860800,SISTEMA DE PESAJE MIXTO
020120,LOMO VETADO
820551,RALLADOR
010229,VAQUILLAS VIVAS
732190,VIDRIO
071159,HONGOS SALMUERADOS
310559,NUTRIBRAKE
300241,VACUNA
391520,POLIESTIRENO
853910,FARO DELANTERO
382450,MORTERO NO REFRACTARIO
851829,PARLANTES
940360,ARMARIO
470790,REFILE DE CARTULINA
401519,GUANTES
380300,TALLOIL
252010,YESO
901812,TRANSDUCTOR
852491,PANTALLA
732181,ESTUFAS
721230,FLEJE METALICO
730690,CANERIAS
590800,MECHAS PARA ESTUFAS
390319,POLIESTIRENO
851989,REPRODUCTOR DE SONIDO RADIO
291811,ACIDO
842219,MAQUINA LAVAVAJILLA
140190,MIMBRE
020690,CARNE DE CORDERO CONGELADA
903010,KIT DE INSTRUMENTOS
300390,EVEROLIMUS
842122,FILTROS PRENSA
847190,NODO COMPUTACIONAL
901530,SISTEMA DE NIVELACION
841989,EQUIPO DISPENSADOR DE SOLUCIONES
470730,PAPEL DESPERDICIOS
841990,ENFRIADOR DE ACEITE
870892,TUBO DE ESCAPE
030732,CHORITO CARNE
850650,BATERIA
290613,CS MANTRA
841790,PARTES METALICA
853400,TARJETA ELECTRONICA
842119,CENTRIFUGA
680690,MANGA AISLANTE
820790,CAJA DE HERRAMIENTA MECANICA
271220,PARAFINA
690210,LADRILLOS REFRACTARIOS
540752,TELA
847930,MAQUINA
871120,MOTOCICLETA
080590,KUMQUATS
611699,GUANTES
871499,MANILLAR INTEGRADO
853952,LAMPARA LED
851531,MAQUINA SOLDADORA
850660,PILAS AUDITIVA
620463,PANTALON
060420,FOLLAJE FRESCO
850220,GENERADOR
870195,TRACTOR SKIDDER GRAPPLE
611430,CLOTHES
283190,AERO
844391,REPUESTOS
730490,CANERIA
847480,AGITADOR
611595,CALCETINES DE VESTIR PARA
850811,ASPIRADORAS DE POLVO
851631,SECADORES PARA EL CABELLO
853890,MODULO PLC
701980,PANEL
392640,HOGAR Y COCINA
852729,RADIOS
844313,MAQUINA
851439,HORNO DE SECADO
842531,CABRESTANTES
400599,CAUCHO
851629,TERMO VENTILADOR
843910,EQUIPAMIENTO
852190,EQUIP
900410,LENTES DE SOL
847340,VALIDADOR DE DINERO
291521,YINAMIN
390799,RESINA BIODEGRADABLE
880720,RUEDAS
690912,CERAMICALUMINA
870290,VEHICULO AUTOMOVIL
740729,SINCODIGO
360320,CORDON DETONANTE
847810,MAQUINA ACONDICIONADORA DE TAB
290516,ALCOHOL
731520,CADENAS ANTIDESLIZANTES
950490,JUEGO DE MESA
940399,KIT DE ACCESORIOS
200490,SOFRITO CONGELADO
900792,PRISMA
380210,CARBON ACTIVADO
640399,CALZADO DE HOMBRE
730619,CANERIA
390410,GRANOS DE PVC
901380,ESPECTROSCOPIO
961700,BOTELLA
560749,CORDEL
848110,VALVULA
630710,PANOS
846510,MESA DE RECEPCION
850133,MOTOR ELECTRICO
560750,SLINGA
903089,ADAPTADOR
030484,STEAK DE ALBACORA CONGELADA
210220,LEVADURAS MUERTAS
842710,CARRETILLA APILADORA
391710,TRIPAS ARTIFICIALES
391239,ESPESANTE
851769,UNIDAD DE RADIO REMOTO
320490,COLORANTE
442019,PALOS DE LLUVIAS
550810,HILO DE COSER
381400,DILUYENTE QUIMICO
810420,CHATARRA
200600,CEREZAS
285290,DESLIZANTE
490700,ESTAMPILLAS FISCALES
310530,NUTRISTART
848071,MOLDE
800300,SOLDADURA EN ALAMBRE
848420,SELLO MECANICO
780199,PLOMO
291532,ACETATO DE VINILO
846722,SIERRA
030781,ABULONES ROJOS VIVOS
620342,PANTALON LARGO
291612,ACRILATO DE BUTILO
330124,ACEITES ESENCIALES
300510,VENDA ADHESIVA
732310,ESPONJA
381519,CATALIZADOR EPOXICO
620240,CHAQUETON
847759,PRENSA
030497,ALAS DE MANTA RAYA
490900,TARJETA DE SEGURIDAD
902790,SENSOR DE HIDROGENO
400922,MANGUERA
230400,TORTA
310560,SPRINT
870893,KIT DE EMBREAGUE
843991,REFINADOR
731511,CADENA DE RODILLO
292529,AGRO
740321,LINGOTE DE BRONCE LATON
830621,TROFEO
871640,TRAILER
846789,MARTILLO
381121,ADITIVO
330790,CERA DEPILATORIA
620412,CHAQUETAS
610349,PANTALON
847141,SERVIDOR GRABADOR DE VIDEO
850162,GENERADOR
902610,MEDIDOR DE NIVEL
850860,ASPIRADORA
850161,GENERADOR
590900,MANGUERA
293040,METIONINA
841780,HORNO
842511,POLIPASTO
961100,SELLOS
842449,DRONCONBAT
040891,MEZCLA EN POLVO PARA
390529,AISLANTE
730439,TUBO
110100,MEZCLA PARA PREPARACION DE
281511,SODA CAUSTICA
391110,RESINA
392630,SISTEMA PLASTICO
480511,PAPEL SEMIQUIMICO
340399,LUBRICANTE
841340,BOMBA DE HORMIGON
853649,KIT DE REPUESTOS
510910,HILADO LANA
940599,KIT ELECTRICO
620140,CHAQUETA HOMBRE
761490,CABLE
410210,CUEROS
841280,ESTACION HIDRAULICA
950430,REPUESTOS
854290,INTEGRADOS
282911,CLORATO DE SODIO
290420,TRINITROTOLUENO
810199,TUNGSTEN WC
293090,DITIOFOSFINATO DE SODIO
640192,BOTA
853670,KIT CONECTORES DE FIBRA
611020,POLERON
030572,VEJIGAS NATATORIAS DESHIDRATADAS
350510,ALMIDON MODIFICADO
970390,ESCULTURA
890322,YATE VELERO
320990,PINTURAS
630532,BOLSAS BIG BAG
871680,CARRO
731821,ARANDELAS
680610,LANA
845090,MANTO
841410,BOMBA DE VACIO
480431,CRUDO
030579,PEJEGALLO
870194,TRACTOR
852329,DISCOS DE VINILO
080211,ALMENDRAS TRADICIONALES
200919,JUGO DE NARANJA
180610,COLA CAO
293020,ISOPROPYL ETHYL THIONOCARBANATE
591000,BANDA TRANSPORTADORA
851680,RESISTENCIA CALENTADORA
844311,MAQUINA IMPRESORA
841950,INTERCAMBIADOR DE CALOR
390130,COPOLIMERO DE ETILENO
890319,BOTE NEUMATICO PLEGABLE
591120,TELA
960910,LAPICES DE CRAYOLA
400911,MANGUERA DE CAUCHO
640520,ALPARGATAS
630493,TELAS PARA CAMAS
830110,CANDADOS
846029,MAQUINAS HERRAMIENTA DE DESBARBAR
511290,TELA LANA CACHEMIRA
280300,NEGRO DE HUMO
851590,KIT
721932,CHAPAS DE ACERO INOXIDABLE
540823,TELA PERCALINA
732290,DAMPER LENTEJA
840490,KIT DE REPUESTOS
901819,AMPLIFICADOR
390591,POLIMEROS DE ACETATO DE
854320,RELOJ ATOMICO
291511,PRESERVANTE
848291,RODILLO
842191,CANASTO ACERO
846729,MARTILLO HIDRAULICO
440139,DOMINONADALIE FDE MADERA DE
902730,ESPECTROMETRO
630491,CINTURON
300590,NEUROESPONJA MEDLINE F
720851,PLANCHA
851810,MICROFONOS
310510,FERTILIZANTE FOLIAR
381900,ACEITE HIDARULICO
321210,LAMINA
070952,HONGO
903040,SIN CODIGO
843390,RODILLO
420340,ACCESORIOS
530921,TELA LINO LANA MICROFIBRA
293629,ROVIMIX V BREEDER MC
030247,PEZ ESPADA HGT SIN
842833,CINTA TRANSPORTADORA
400129,CAUCHO
630622,TIENDA
731700,CLAVCTE
391390,BIOREND
293369,METRIBUZIN TECH
560392,PANO
220590,VINO
630231,SET SABANAS
901849,ESCANER
731823,REMACHES
611599,CALZAS
853110,DETECTOR DE HUMO
940330,CAJON
610711,BOXER
611490,POLERA
846692,PARTES
847910,CAMION
591132,TELA
900659,CAMARA
760320,ALUMINIO
150210,SEBO BOVINO
290719,BUTIDROX
843890,ESTRUCTURA
870895,AIRBAG
630260,TOALLA BANO
842290,BUFFER
610822,CALZON
180500,CACAO
844140,MAQUINA FABRICADORA
300320,ANTIBIOTICO
851220,OPTICO
721699,MHIBRIDAC
560811,S COD
390521,COPOLIMEROS DE ACETATO DE
030239,PESCADO FRESCO
854330,MAQUINA DE ELECTROLISIS
310430,FERTILIZANTE ORGANICO
854430,CABLE
950590,HUEVO
950450,CONTROL DE MANDO
720249,FERROCROMO
030739,CHORITO COCIDO DESHIDRATADO
280110,CLORO
292419,CARBAMATO DE AMONIO
290329,DICLOROPROPENO
291590,ACIDO OCTANOICO
732119,COCINA A LENA
852550,PANTALLAS
400231,RIONIC
732020,RESORTE
820890,CUCHILLAS
130232,GOMA GUAR
721934,BOBINA DE ACERO INOXIDABLE
730449,TUBERIA
940421,COLCHONES FORWARD
842330,PACKINGSTATION
250810,BENTONITA
846591,SIERRA CINTA
381300,QUIMICO
870441,FURGON
848490,KIT DE SELLOS
843590,KIT DE REPUESTOS
321290,PIGMENTOS
720836,LAMINADOS PLANCHAS DE ACERO
390599,ESTABILIZADOR
880790,CONJUNTO DE EJE DE
940440,COBERTOR
130120,GOMA ARABIGA
850710,BATERIAS
847050,MAQUINA LECTORA DE PAGOS
940549,EQUIPOS DE FOTOPERIODO
482010,DIARIO Y NOVELA GRAFICA
843110,CILINDRO DE ELEVACION
850211,GRUPO ELECTROGENO
291211,FORMALINA
510119,LANA GRASA
843360,MAQUINA CLASIFICADORA
851440,CALENTADOR ELECTRICO
730422,TUBO DE PERFORACION
853120,TABLERO DISPLAY
081020,FRAMBUESAS FRESCAS
681519,ABRAZADERA CORTAFUEGO
390530,ADHESIVO PREPARADO
900490,SPY CLAROVICSA SAFETY FFLEXGRIS
840729,MOTOR MARINO
293627,VITAXC
340319,PREPARACION LUBRICANTE
940541,KIT LUMINARIA
730210,RIEL
853641,RELE
640359,CALZADO DE MUJER
620640,BLUSAS
842790,MANIPULADOR TELESCOPICO
380992,EMULSION
160290,HAMBURGUESA CERDO RES
903120,BANCO DE PRUEBA
903220,PRESOSTATOS
871620,TOLVA AGRICOLA
610463,CALZON BERMUDA
851539,MAQUINA DE SOLDAR
870829,ARMADURA
880623,DRONE
902580,ESTACION METEREOLOGICA
611030,CHOMPA
940410,BASES PARA CAMAS
852799,RADIO
620462,PANTALONES LARGOS
843710,DESPEDRADOR
841231,CILINDROS
320418,MATERIA COLORANTE
901730,CALIBRADOR MULTIPRODUCTO
900150,LENTES
851840,AMPLIFICADOR
847090,TOTEM INTERACTIVO
401290,BANDAS PRECURADAS
847890,CAPSULE INSERTER
853810,CONJUNTO PRINCIPAL
901590,KIT DE ACOPLE
490890,STICKER
420330,CINTURON
730722,CODO
848280,RODAMIENTOS
845011,LAVADORA
620461,PANTALON
940569,TOTEM PUBLICITARIO
960390,MOPA
730792,CODO
681019,PLANCHAS FIBROCEMENTO
070610,ZANAHORIAS FRESCAS
330610,DENTIFRICOS
151010,ACEITE DE ORUJO
030799,CHORITO COCIDO DESHIDRATADO EN
721210,LAMINA
121020,CONOS DE LUPULO
382000,ACEITE DE REFRIGERACION
741539,CAPSULA
340590,CERA CREMACERAS ALFA FREX
620451,FALDA
850163,GENERADOR
903084,EQUIPO DE TESTEO DE
390740,POLICARBONATO
841460,CAMPANA
540710,TELAS
320290,TANIN MINERAL
640110,BOTA
400239,BUCLIC
611219,BUZO PARA DEPORTE
940610,STAND
841583,MANEJADORA
310540,FOSFATO DE MONOCALCICO
690919,INSERTO
283630,BICARBONATO DE SODIO
290243,XILENO
850151,MOTOR
400300,CHIPS DE CAUCHO
950440,JUEGOS DE CARTAS
940179,SILLA
910221,RELOJ DE PULSERA AUTOMATICO
390761,RESINA PET
540720,TELA ARPILLERA DE PROPILENO
760692,LAMINAS
730431,TUBO
340231,PREPARACION TENSOACTIVO ORGANICO ANIONICO
960820,MARCADORES
440500,POFV
846820,EQUIPO DE SOLDADURA POR
902680,PESOMETROS
870810,PARACHOQUE
040320,YOGURTH
731812,TORNILLO
290960,PEROXIDO DE DICUMILO
854129,PANEL INVERSOR
252020,YESO FRAGUABLE
831120,ALAMBRE
850520,FRENO
480255,SERVILLETA
330690,ENJUAGE BUCAL
760711,ALUMINO
401610,BURLETE
848299,CONO
200931,JUGOS DE FRUTA AGRIO
845811,TORNO
481110,FIELTRO
521141,TELA PARA TAPIZAR MUEBLES
560312,FILM DE POLIETILENO
841620,EQUIPO CALENTADOR DE SALES
283322,SULFATO DE ALUMINIO
841934,SECADOR DE TAMBOR ROTATIVO
852583,CAMARAS DE SEGURIDAD
901910,EQUIPO PSICOMETRICO
852352,TARJETAS INTELIGENTES
851190,IMPULSOR
291719,ERLOTINIB
392620,GUANTES
150190,ACEITE
392099,FILM PVC
480257,PAPEL
901540,SISTEMA DE MEDICION BIOMECANICA
871000,JUEGO DE REPARACION
760719,FOIL DE ALUMINIO
071030,ESPINACA
847710,MAQUINA DE INYECCION
740610,NANOPARTICULAS DE COBRE
841319,DISPENSADOR DE COMBUSTIBLE
680422,DISCO DE CORTE
860791,PINON
940141,SOFA CAMA
340250,PASTILLA
110812,MAICENA
843311,CORTACESPED
240319,TABACO
731600,ANCLA
071022,POROTOS VERDES
851010,AFEITADORA ELECTRICA
903190,DISPOSITIVO DE CALIBRAMIENTO
650691,GORROS PARA VISOS
271099,OIL
630499,CUBRE COJIN
691490,MANTAS TERMICAS DE FIBRA
021099,CARNE DE RES
841470,CAMARA DE FUMIGACION
160300,JUGO DE NAVAJUELAS
680919,PANEL
841451,VENTILADORES
281520,HIDROXIDO DE POTASIO
293299,BIOREND
640291,BOTAS DE GOMA
902690,SONDAS
760900,CONEXION DE ALUMINIO
340249,TENSOACTIVO ORGANICO NO IONICO
721931,CHAPAS DE ACERO INOXIDABLE
381010,PASTA PARA SOLDAR
690721,PLANCHAS DE CERAMICAS
293790,FEROMOMA
620333,CHAQUETA
790310,POLVO DE ZINC
293810,DIOSMINA MICRONIZADA
091099,CILANTRO EN POLVO
610459,PANTALON
292149,CINACALCET CLORHIDRATO
691110,CACEROLA
731519,RUEDA TENSORA
846031,MAQUINA AFILADORA
291632,PEROXIDO DE BENZOILO
080242,CASTANA SECA
846599,TRACCIONADOR
630232,SET SABANAS
283529,FOSFATO DE ZINC
841861,EVAPORADORFB LATAM FCUBICO MODELOEIC
842519,WINCHE
081010,FRUTILLAS FRESCAS TRADICIONAL
293190,BIJINIC
901420,INSTRUMENTOS DE CONTROL
841382,BOMBA
940120,ASIENTO
610461,PANTALON
030749,JIBIA O CALAMAR
640510,ZAPATILLAS
850434,TRANSFORMADOR
731442,MALLA DE ACERO
420299,MOCHILA
721129,FLEJE
030771,ALMEJAS VIVAS
310390,FERTILIZANTE EDAFICO
843069,HAMMER
400299,RESINA
848079,MOLDE
240130,POLVILLO
080111,COCO RALLADO
902910,CONTADOR DE PECES
390890,RESINA DE POLIAMIDA
620413,TRAJE
621210,SOSTENES
152110,CERA VEGETAL
150290,GRASA DE ANIMAL DE
843280,CARRO AUTOCARGABLEMETALTEC F BINS
441879,TABLAS DE MADERA
690310,CRISOLES
680421,BROCA
846259,LLAVE QUIEBRE DE BARRAS
292390,GYLC
842410,EXTINTOR
950790,MANGA DE PESCA
960350,CEPILLO
820750,BROCA
390230,COPOLIMERO DE PROPILENO
851521,MAQUINA SOLDADORA
902781,ESPECTROMETRO DE MASA
320820,PINTURAS
841581,HWN
721621,ANGULO
481620,PAPEL AUTOCOPIATIVO
721921,PLANCHA
330420,PALETA DE SOMBRAS
848520,IMPRESORA D
841582,GENERADORES DE AIRE
880529,ACTUADOR
293144,ACIDO AMINOTRIMETILENFOSFONICO
880629,DRON
040811,MEZCLA EN POLVO PARA
830160,CONJUNTO ESCUDO
841239,SINCODIGO
020421,CORTE DE OVINO
200510,PREPARADO DE VEGETALES ORG
570310,ALFOMBRAS MODULAR
281700,OXIDO DE ZINC
611510,PANTY ELASTICADA
283919,RESINA
621220,FAJA
480100,PAPEL PERIODICO
330430,ESMALTE DE UNA
283321,SULFATO DE MAGNESIO
560741,CORDEL
392094,MANTA PXHE
390730,RESINA EPOXICA
842630,GRUAS PORTICO
701337,SET VASOS
420310,CHAQUETA
844190,RODILLO
284020,BORAX DECAHIDRATADO
650500,GORROS
731819,SISTEMA LINER
842699,TRAMO TORRE
721610,VIGAS DE ACEROO HIERRO
251820,DOLOMITA
840211,CALDERA
001600,ROPA
400829,DIAFRAGMA
620439,CHAQUETA
852610,RADAR
120910,SEMILLAS DE REMOLACHA AZUCARERA
050690,PUNTA DE TRAQUEA
200811,MEZCLA DE FRUTOS SECOS
960830,PLUMAS ESTILOGRAFICAS
400941,MANGUERA
570331,CESPED SINTETICO
847689,MAQUINA DE CAFE
251020,ROCA FOSFORICA
820411,LLAVE
732393,COLADOR
320412,COLORANTE
732490,DUCHA LAVAOJOS
450390,TAPON DE CORCHO
640411,ZAPATILLAS
940110,ASIENTOS DE PASAJERO
190540,TOSTADAS ARTESANALES
902710,DETECTOR DE ALCOHOL
630229,CUBRE COJIN
741129,TUBOS DE COBRE
722599,PLANCHAS
851632,CEPILLO MODELADOR
820330,PUNTA
491199,ETIQUETAS
722490,COMPONENTES MECANIZADOS
811300,TUGSTENO
853340,CONJUNTO DE RESISTENCIA
090961,HINOJO
950699,JUEGO INFANTIL
620630,CAMISA
320810,PINTURAS
721922,CHAPAS DE ACERO INOXIDABLE
300610,HILOS TENSORES
903210,TERMOSTATO
845590,DESBOBINADOR
820320,ALICATE
392091,LAMINAS DE POLI VINILBUTIRAL
843210,MOTOCULTIVADOR
390430,PVC
681011,EPS
851240,LIMPIAPARABRISAS
710310,PIEDRA
600633,TELAS PARA CAMAS
481151,POLIPA BLANQUEAD
848410,EMPAQUETADURA
845180,ENJUAGADORA
830710,MANGUERA METALICA
730419,TUBOS
903090,PINZAS ELECTRICAS
490290,REVISTAS IMPRESA
490110,LIBRO
721790,ALAMBRE DE ACERO SIN
840510,GENERADOR DE MICROBURBUJAS
730640,CANERIA DE ACERO INOXIDABLE
400932,MANGUERA
820239,HOJA DE SIERRA
880692,DRONE KIT
491191,FOTOGRAFIA DIGITAL
850790,CELDA
190220,PASTAS ALIMENTICIAS
420229,MINI BOLSO
851640,PLANCHAS DE VAPOR
843353,MAQ COSECHADORA DE BULBOS
750300,DESPERDICIOS Y DESECHOS
200950,JUGO CONCENTRADO
730791,FLANGESMULTIACEROS FFLG WN MM
291550,PROPIONATO DE CALCIO
620530,CAMISASHOMBRE
854310,ACELERADOR DE PARTICULAS
283990,SILICATO DE ALUMINIO
844790,AMITA
293628,VITAMINAS
190211,TRATTORIA
620441,VESTIDO
620443,VESTIDO
620312,TRAJE
070993,ZAPALLO BUTTERNUT
843340,MAQUINA ENFARDADORA
620322,TRAJE
284210,SOBRE PROTECCTOR DE FRUTA
732429,DUCHA LAVAOJOS
440929,JUNQUILLO
380861,INSECTICIDA
381090,FOSFOCLEAN
120929,SEMILLAS DE AVENA
071320,GARBANZOS
620590,CAMISA
151521,UCO
620433,CHAQUETAS
390750,RESINA ALCIDICA
401190,NEUMATICOS
620423,PANTALON
420212,MALETA
847621,MAQUINA EXPENDEDORA DE CAFE
382489,PREPARADO COLECTOR
851310,LINTERNA
152190,EMULSION DE CERA
852349,LICENCIAS
843351,MAQUINA ARRANCADORA DE AJOS
690600,ANILLO DISIPADOR
250700,CAOLIN
741210,COPLA
294000,ENDULZANTE
390512,MOWILITH
731814,TORNILLO AUTOPERFORANTE
291712,DOA
850511,IMANES NEODIMIO
820590,HERRAMIENTA
330491,RUBOR EN POLVO
851650,MICROONDAS
292215,TRIETALONAMINA
510121,LANA DE OVINOS
820310,CRIMPADORA
845929,MAQUINA CORTADORA DE TUBOS
841311,BOMBA DE AGUA
640391,BOTA
848049,MATRIC
850421,TRANSFORMADOR
440290,CARBON VEGETAL
071340,LENTEJAS
890399,BOTE DE POLIETILENO
920790,GUITARRA
640219,ZAPATILLAS
283539,TRIPOLIFOSFATO DE POTASIO
902212,TOMOGRAFO DENTAL
901814,UNIDAD DETECTORA DE RAYOS
392092,FILM DE POLIAMIDA
720292,FERROVANADIO
400211,LATEX
761210,ENVASE TUBULAR
220110,AGUA NATURAL
262099,CATALIZADOR
843229,MOTOCULTIVADOR
842211,LAVAVAJILLAS
291815,ESTERES DE ACIDO CITRICO
845430,REACTOR
847730,MAQUINA DE SOPLADO
690990,ELEMENTO DE FILTRO
110900,GLUTEN DE TRIGO
071120,ACEITUNAS
820231,DISCO DE CORTE
382410,PREPARACION AGLUTINANTE
711590,CRISOLES Y MOLDES
610343,PANTALONES
691390,CHANCHITOS ARTESANALES
846792,PLACA DE ACOPLE
381190,ADITIVO LIMPIA CARBONILLAS
610520,CAMISAS
200939,JUGO CITRICO
940550,TORRES AUTONOMAS
852499,MONITOR
842619,PUENTE MANTENIMIENTO
290949,ETHOXY PROPANOL
400912,KIT MANGUERAS
721491,BARRA DE ACERO
100850,QUINOA
851020,CORTA PELO
440719,MADERA ASERRADA SECA
291814,ACIDO CITRICO
611596,MEDIA PANTALON
550340,FIBRA DE POLIPROPILENO
853540,PARARRAYOS
846890,LANZA TERMICA
843610,MAQUINA EXTRUSORA
902213,SISTEMA TOMOGRAFICO DE RAYOS
902590,SENSOR DE TEMPERATURA
481310,PAPEL DE FUMAR
050800,CONCHAS
853090,MOTOR LATERAL
721012,LAMINAS HOJALATA CORTADAS
292029,PENTRITA
841630,QUEMADOR PANTALLA VENA
420329,GUANTE
970290,XILOGRAFIAS ESTAMPAS Y GRABADOS
730661,TUBOS DE ACERO
854071,MAGNETRON
610712,CALZONCILLOS
610230,CHAQUETA DE MUJER
730721,BRIDA
821192,CUCHILLOS
390910,RESINA UREICA MELAMINCA
040620,QUESO RALLADO
090421,PIMENTON
730441,TUBERIA DE ACERO
701990,TUBERIAS FRP
741011,FLEJES DE COBRE REFINADO
091030,CURCUMA
300249,ECOBIOL
852849,MONITOR
390440,RESINA VINILICA
840590,DIFUSOR DE DISCO
390290,RESINA BIODEGRADABLE
220860,VODKA
560229,FIELTRO
320419,CAROPHYLL PINK CWSDSM F
290250,ESTIRENO MONOME
842010,MAQUINA DE RODILLOS
940382,COMODA
290544,SORBITOL
590390,CUERO
630690,CUBIERTA MANTA
630399,CORTINAS
420232,FUNDA
621020,PARKA
610832,PIJAMA DE MUJER
401512,GUANTES AMBIDIESTROS
870122,TRACTOR
950510,ADORNO NAVIDENO DE PELUCHE
340490,CERAS PREPARADAS
961210,CINTAS
391610,GEOMENBRANA
610721,PIJAMAS
030751,PULPO DEL NORTE
902830,MEDIDOR
620190,ABRIGOSHOMBRE
850433,TRANSFORMADOR DE PODER
630222,SET SABANAS
151190,MANTECA
730290,ACCSESORIOS
610130,CASACA
300349,ANALGESICO
731829,ESPACIADOR
620469,ROPA DE CALLE
091091,ESPECIAS
240110,TABACO
843930,MAQUINA TROQUELADORA SEMI AUTOMATICA
841720,HORNO ROTATORIO
821490,PORCIONADORA
901520,ESTACION TOTAL
721430,VARILLAGALV
480593,CARTULINA MULTICAPA
902720,MAQUINA GC
870129,TRACTO CAMION
930520,CARGADOR
390810,POLIAMIDA EN FORMAS PRIMARIAS
392610,MANUALIDADES
401220,NEUMATICOS USADO
701965,MALLA
960329,CEPILLO
283911,BIOESTIMULANTE
070190,PAPAS FRESCA
920290,GUITARRA
902150,MARCAPASO
700910,ESPEJO RETROVISOR
340700,PORCELANA
741810,ESPONJA
621030,CHAQUETA
390610,POLI METACRILATO DE METILO
290512,ALCOHOL ISOPROPILICO
481029,CARTULINAS
520952,TEJIDOS
390330,ABS
290514,METOXIBUTANOL
630253,MANTEL
731590,SIN CODIGO ACCESORIOS HERRAJES
701919,COBIJA
900580,TELESCOPIO
293219,ENDULZANTE EX SUCRANOVA
820559,MAQUINA
381220,PLASTIFICANTE COMPUESTO
270111,ANTRACITA
340111,JABON EN BARRA
481013,PAPEL PLOTTER
391731,MANGUERA ANTIESTATICA
340540,PASTA LIMPIADORA
870321,VWTCROSS
820830,CUCHILLO
800200,CHATARRA DE ESTANO
283220,METABISULFITO
846592,LIMPIADORA
940180,SILLA DE COMER
940139,SILLA
410449,CUEROS CURTIDO
691090,VANITORIO
551321,TEJIDOS TEXTILES
870331,AUTOMOVIL
740322,LINGOTE DE BRONCE COLORADO
730711,CODOMULTIACEROS FSEG DEG D
291560,TEXANOL
392051,PLANCHAS
680710,MEMBRANA DE PARED PERM
700711,VENTANA
600631,TELA PARA CAMAS
280430,GAS DE NITROGENO
401039,CORREAS
842111,GEASEPARATOS
850780,BATERIA
720219,FERRO MANGANESO
080719,MELONES FRESCOS
381129,ADITIVO
870333,STATION WAGON
681591,IMAGENES RELIGIOSAS
081030,CEREZAS FRESCAS
721990,ACEROS LAMINADOS
690220,LADRILLO
901410,COMPASES DE NAVEGACION
900630,CAMARA
560121,PETALOS DESMAQUILLANTE
730539,TUBOMULTIACEROS FCONDUIT RIGIDO ANSIC
853630,UNIDAD DE FUSION
340600,VELAS
940370,CAJONERA
845611,MAQUINA DE MARCADO
961400,PIPAS BONG
293624,ROVIMIX CALPAN
621139,CHAQUETILLA SIN MANGA
152000,AGENTE SUPRESOR DE POLVO
621600,GUANTES
854590,ELECTRODO
720299,GRANALLA
851110,BUJIA
853210,CONDENSADOR
540252,HILO DE COSER
903300,MASCARILLA FACIAL
846410,MAQUINA ASERRAR
851230,ALARMA
850180,GENERADOR DE CORRIENTE ALTERNA
702000,TARUGOS
280610,ACIDO CLORHIDRICO
731290,ESLINGA
853661,PORTALAMPARA
950611,ESQUIES
870390,AUTOMOVIL
845310,MIXER
741980,BOCINA
820420,JUEGO DE DADOS
261800,ESCORIA
761300,CILINDRO
854089,LAMPARAS LED
851030,DEPILADORA
540821,TELA JACQUARD
731300,ALAMBRE DE PUAS
591110,MANGAS
721935,BOBINA DE ACERO INOXIDABLE
830890,CIERRE
200110,PEPINO
610892,BODY
852871,DECODIFICADOR
620290,ABRIGOSMUJER
840410,ECONOMINIZADOR
530929,TELA LINO LANA
590320,TELA CORD
290722,BUTIL HIDROQUINONA
691200,TAZON
721923,CHAPAS DE ACERO INOXIDABLE
701342,CAFETERA FRANCESA
870350,STATION WAGON
160555,TENTACULOS DE PULPO DEL
030633,CENTOLLAS
292219,SUSTANCIA CORROSIVAS
070999,HORTILIZAS EN CONSERVAS
121300,PAJA
846791,ANILLOS
621133,CHALECO
870230,FURGONETA
901790,CARTUCHOS
810197,TUNGSTENO
382492,INHIBIDOR DE CORROSION
151319,ACEITE
610719,BOXER
871690,ROTULAS DE TERMINALES DE
282110,OXIDO DE HIERRO
701966,TEJIDO DE MALLA ABIERTA
481320,PAPEL PARA CIGARRILLOS
482040,FORM CONTINUO
291570,STERAX
854520,ESCOBILLA
721499,BAR
722211,BARRA RC
482190,ETIQUETAS
830230,CONJUNTO AMORTIGUADOR
842810,ASCENSOR
852492,PANTALLA
854999,DESPERDICIOS Y DESECHOS ELECTRICOS
620452,FAL
845819,TORNO PARALELO UNIVERSAL
846261,MAQUINA DE PRENSADO
030249,BONITO ENTERA FRESCO
080921,CEREZAS
852869,TELEVISOR
854790,DUCTO BARRAS
292242,ACIDO GLUTAMICO
820820,CUCHUILLO
847981,ENROLLADOR DE CABLES
400811,MANTILLA
320190,TANINO
420211,MALETIN
440410,POLINES IMPREGNADOS
830130,CERRADURAS
760810,TUBOS PERFIL
621710,CAPA PEDRIATICA
852290,PANEL DE CONSOLA
848710,SELLOS
731431,MALLA DE ACERO INOXIDABLE
846249,LINEA EXTRACTORA
851690,RESISTENCIA
701349,SET ESPECIEROS
850431,TRANSFORMADOR
291529,ACETATO DE SODIO
841710,HORNO DE COPELACION
321000,PINTURA
880610,DRON
621510,CORBATAS DE SEDA
630293,TOALLAS
120890,HEL
482090,LABORATORIOS EDUCATIVOS
300290,OIKO VERSAL
540782,TEJIDO DE FIFRA SINTETICA
621040,CONJUNTO LLUVIA
080529,MANDARINAS FRESCAS
290319,CILINDRO
843510,DESPALILLADORA
251990,OXIDO DE MAGNESIO
843330,ENFARDADORA PRISMATICA DE TIRO
820840,CUCHILLAS
252210,CAL VIVA
780411,LAMINAS
080262,NUECES SECAS
540220,HILO
130220,PECTINATO
853510,DESCONTECTADOR FUSIBLES
151311,ACEITE DE COCO
380690,ADHESIVO
481149,PAPEL
392210,BANERAS
611019,SWETTER
271129,GAS
902129,ARTICULO PARA PROTESIS
852359,CHIP INTEGRADO
846039,MAQUINA PERFILADORA
621050,CHAQUETAS
441234,MADERA CONTRACHAPADA
640420,SANDALIA
610821,BIK CALZONES
846781,MOTOSIERRA
330741,VARITAS AROMATICAS
480620,PAPEL MANTEQUILLA
021020,CARNE DE RES
902990,SENSOR TIPO PEANA
842420,PISTOLAS DE PINTAR ELECTRICAS
843790,JUEGO DE REPUESTOS
420231,BILLETERA
400821,MANTAS DE IMPRESION
391231,CARBOXIMETILCELULOSA
291539,ACETATO
940171,ARMCHAIRSMODB
580620,CINTAS IND Y COMERCIAL
481890,PROTECTOR
910211,RELOJ DE PULSERA
320500,LACA MATE
620722,PIJAMAS
910212,RELOJ PULSERA
846711,PERFORADORA NEUMATICA
840721,MOTOR FUERABORDA
490191,DICCIONARIOLIBERTAD FINTER ESPANOL C
847629,MAQUINA ESTACIONAMIENTO
841829,REFRIGERADOR
280200,FERTILIZANTE
030244,CABALLA
480262,PAPEL CARTULINA
846219,MAQUINA PRENSA
611011,CARDIGAN
401410,PRESERVATIVOS
251749,MUESTRAS DE ROCAS
732620,CLIP DE ACERO GALVANIZADO
293321,GLYDANT PLUS CONSERVANTE SINERGICO
611090,CHALECO
960500,ESPUMA PARA CALZADO
520932,TELA
392111,PLANCHA
841891,CELOSIA
821300,TIJERAS
293333,FENTANILO
252910,FELDESPATO
281512,SODA CAUSTICA
731581,CADENAS DE ACERO
760519,ALAMBRE DE ALUMINIO
853530,INTERRUPTOR
390390,POLIESTIRENO DE ALTO IMPACTO
040110,LECHE
961519,S CODIGO
722240,ANGULOS DE ACERO
481200,FILTRO DE CELULOSA
280440,OXIGENO
848320,KIT DE REPUESTOS
901780,CINTA METRICA
290322,TRICLOROETILENO
401031,CORREA
940521,LUMINARIA LED
732394,MUG
260200,DEPURADOR
630221,SET SABANAS
610590,CAMISAVICSA SAFETY FTEXTILESP USO
821210,MAQUINA DE AFEITAR
902820,MEDIDORES DE AGUA
851672,TOSTADOR DE PAN
670210,FLORES ARTIFICIALES
843780,MAQUINA
740500,EMULSION DE SILICONA
851529,MAQUINA SOLDADORA
843410,EQUIPO DE ORDENO
720510,GRANALLAS DE ACERO
846150,RANURADORA
950829,CAMILO
847751,MAQUINA DIBUJADORA
848240,RODAMIENTOS
700992,ESPEJO DE MANO ENMARCADO
630619,TECHO LONA
611120,POLERA BEBE
282410,MONOXIDO DE PLOMO LITARGIRIO
291450,PARSOL HMS
850819,ASPIRADORA
847690,REPUESTOS DE MAQUINA DE
900699,ELEMENTOS DE CONEXION
620899,SUDADERA
442191,SINCOD
811222,CHATARRA
841420,BOMBA DE AIRE
590699,CINTA RECUBIERTA
580632,TEJIDO DE NYLON ARAMIDA
392530,CORTINA DE PVC
820810,CUCHILLA
611130,TRAJE DE BANO
730424,TUBO DE ACERO
846693,HUSILLO
284019,BORAX DECAHIDRATADO
591140,TELA FILTRANTE
380991,RETARDANTE
560900,ESLINGAS
321310,GUIA DE COLORES
846490,MESA DE CORTE
600632,TELAJERSEYTEXTIL
381210,PHENAX
690290,MODULO REFRACTARIO
610443,VESTIDODOLCE GABBANA FDE FIBRA
854151,TRANSDUCTOR SEMI CONDUCTOR
280410,HIDROGENO
481960,ESQUINERO
460211,HAMPER CANASTO
940529,TAB ELECT
902410,EQUIPO PULL TEST
620120,ABRIGO
090300,YERBA MATE
020630,RECORTES Y TROZO DESPOSTE
290559,XILYTOL
853929,LUMINARIAS
842549,GATO ELEVADOR
350300,GELATINA
721650,ANGULOMULTIACEROS FLAM A X
040291,CREMA
843131,PIEZAS
560314,TELA
290531,MONOETILEN
721220,FLEJE
761520,ENVASE
840910,CIGUENAL
820412,HERRAMIENTA MANUAL
200210,TOMATE
845121,SECADORA DE ROPA DOBLE
620721,PRENDAS PARA VESTIR
401691,FORRO A BASE DE
721691,PERFIL
701690,CIERRES DE CRISTAL TEMPLADO
120925,SEMILLAS
721041,PLANCHAS
590220,NAPA TRAMADA
852581,CAMARA FOTOGRAFICA
842112,SECADORA DE ROPA
441193,MOLDURA
320740,ESCAMA DE VIDRIO
820760,ESCARIADOR
940340,KIT MUEBLE DE COCINA
251320,PIEDRA ESMERIL
380190,GRAFITO DURRANS
900319,MONTURAS ARMAZONES
940389,MUEBLES PARA MASCOTAS
831000,PIN INSIGNIA
252220,CAL APAGADA
340530,CERA
850239,SISTGRUPOELECTRO
930690,MUNICION
630612,CUBIERTA
870894,CAJA DE DIRECCION
940199,MOLDE
842441,FUMIGADOR
640199,BOTAS
700600,CRISTAL PINTADO
090240,TE NEGRO
170310,MELAZA DE CANA
901190,MODULO OCT
392340,BOBINAS VACIAS
847960,ENFRIADOR DE AIRE ECOLOGICO
961800,MANIQUI
611693,GUANTES
560210,MANGA
760410,PERFIL
551511,TELA
890710,BALSAS INFLABLES
962000,TRIPODE
711719,PULSERAS
903033,EQUIPO MULTIMEDIA
290211,CICLOHEXANO
621149,COTONA
910700,TEMPORIZADOR
290410,ACIDO SULFONADO DE SODIO
620432,CHAQUETA
732090,RESORTE
950659,CANCHAS DE PADEL
620339,CHAQUETA
940519,EQUIPO DE ALUMBRADO
291412,METIL ETIL KETONA
847432,LECHADORAFABRICA RD TOOL SPA
030487,CARPACCIO DE ATUN SW
847590,MANGUERA
890690,ROBOT SUBMARINO DE INMERSION
850990,CABEZALES
300215,ANTICUERPOS MONOCLONALES
851890,DIVISOR DE SENAL
570329,ALFOMBRA
844540,OVILLADORA
290312,CLOMET
250610,CUARZO
293621,ACETATO DE VITAMINA A
841013,TRATADOR CORONA
701820,MICROESFERAS DE VIDRIOS
611012,SWEATERS
570500,PASTO SINTETICO
830629,KIT
842612,SIN CODIGO
830610,TROFEO
902480,MEDIDOR DE DUREZA
850590,ACTUADOR ELECTRICO
380110,GRAFITO
621520,CORBATAS DE MICROFIBRA
630239,FUNDA PLUMON
291899,ETHOXY PROPANOL
293626,VITAMINA B
852341,DISCO DVD
830300,GABINETE METALICO
282619,FLUORURO DE SODIO
910690,CRONOMETRO
821290,CARTUCHO DE REPUESTO
842390,MONITORES BALANZA AGROMANAGER SPA
843319,CORTADORA DE CESPED
121299,RASPBERRY SEED ORGANIC
291090,ORGANISOLANO
844130,MAQUINA PARA FABRICACION DE
621120,JARDINERA TRAJE DE AGUA
852721,RADIOS PARA AUTOMOVILES
903032,MULTIMETRO
441830,POSTES DE MADERA
853331,RESISTENCIA
540419,MONOFILAMENTO
950651,RAQUETAS DE TENIS
741220,CODOS
810194,BARRAS CARBURO
680530,BANDAS DE LIJA
610120,CHAQUETA
950710,CANAS DE PESCAR
284011,BORAX ANHIDRO
821193,CUCHILLO CARTONERO
722840,BARRAS
310210,UREA
731412,CORREA MODULAR
480419,PAPEL KRAFT
843999,LISTON
845620,MAQUINA DE ULTRASONIDO
852560,SENSOR DE SEGURIDAD
291613,ACIDO METACRILICO
282810,HIPOCLORITO DE CALCIO
830910,TAPA CORONA
970310,ESCULTURA
820340,TIJERA
853339,POTENCIOMETRO
320413,COLORANTE BASICO
840290,KIT DE REPUESTOS
281111,ACIDO FLUORHIDRICO
940169,SILLAS DE MADERA
901832,AGUJAS DE SUTURA
903031,MULTIMETRO
610341,PANTALONES
851290,BRAZO LIMPIAPARABRISAS
853610,FUSIBLE
701790,CAMPANA DE BIOSEGURIDAD
610342,PANTALONESDOLCE GABBANA FDE ALGODONPARA
420500,FUNDA PROTECTORA
520849,TEJIDO DE ALGODON
630120,FRAZADA
650699,CASCO MTT
870422,CAMION
903020,OSCILOSCOPIO
870822,PARABRISAS
441883,VIGAS
293399,TTA
844629,TELAR
282749,POLICLORURO DE ALUMINIO
841011,TURBINA
841520,AIRE ACONDICIONADO
610190,PARKAVICSA SAFETY FDE HOMBREAMARILLO
320710,PASTA OPACANTE
430180,PIEL
292249,ADITIVO
820730,PUNZON
292511,MPSACARINAS
040229,LECHE EN POLVO
610510,CAMISA
845140,KIT DISCOS LAVA REDES
480256,JUMBOS
401170,NEUMATICOS
903281,POSICIONADOR
611220,BUZO DESECHABLE
821520,SET DE CUCHILLERIA
120760,SEMILLA DE CARTAMO
441490,MARCO FOTO
610220,CHAQUETA
391810,ALFOMBRA
731419,MALLA METALICA
100710,SEMILLA DE SORGO
281830,HIDROXIDO DE ALUMINIO
321590,TINTA DESAPARECENTE
620920,CAMISA
290532,PROPILENGLICOL
902920,TACOMETRO
621143,CHAQUETA
620791,CAMISETA
080122,CAS
290545,GLICERINA
844090,CUBO
850680,PILAS
871190,MOTOCICLETA
382762,GAS REFRIGERANTE
930599,BAJO ELECTRICO
901310,PERISCOPIO
841912,TERMO SOLAR
320416,COLORANTECOLORES
760421,PERFIL
720990,PLANCHAS
821591,PINZAS
720853,PLANCHA MULTIACEROS F
844519,MAQUINA URDIDORA DE HILO
621132,OVEROL
701964,MANGAS
820570,PRENSA ANGULAR
282690,LISTON ACETAL
960321,CEPILLOS DE DIENTES
845710,CENTRO MECANIZADO
630259,SERVILLETAS
630392,CORTINASBUILDER COMMERCE FBLACKOUTDE FIBRAS
293220,ACIDO GIBERELICO
820900,PLACAS CERMET
292250,TREONINA
610462,BERMUDAS
901720,REGLA
281122,DIOXIDO DE SILICIO
720719,PLACA
390320,MASTERBATCH
611522,LEGGINGS DE MUJER
283524,FOSFATO DIPOTASICO
292229,MATERIA PRIMA
293410,MIT
900590,MONTURA
731449,CADENA
401700,ENGOMADO DE RODILLOS
901811,ELECTROCARDIOGRAFOS
482361,TAPAS
853329,RESISTENCIA FIJA
291241,VAINILLINA
261510,ARENA DE CIRCONIO
570299,ALFOMBRA
890590,BARCAZA
731811,TIRAFONDO
320110,EXTRACTO DE QUEBRACHO
701969,LANA DE VIDRIO
701399,ADORNOS DE INTERIOR
950810,CLAVAS PANICO
920930,CUERDAS
902511,TERMOMETRO
870370,FORTUNER
820770,FRESADORA
880693,DRONE
611249,BANADOR
843490,ANILLO SUJECION
411410,CUEROS TERMINADOS AGAMUZADOS
401212,NEUMATICOS
321100,SECATIVO PREPARADO
290729,ESTABILIZADOR
721640,PERFILESIMEL FDE ACEROP AB
871493,BUJE
330112,AGENTE LIMPIADOR
292151,SIRANTOX
070960,PIMIEMTO
720915,FLEJE
630720,ARNES
970199,CUADRO BORDADO
620453,FALDA
820150,TIJERAS
841392,CARCASA
845970,ROSCADORA
950662,BALONES
610432,CHAQUETA
690510,TEJAS COLONIALES
490300,ALBUM FOTO
600192,INTERFAZ AUTODHESIVA
400249,POLICLOROPRENO
230240,SALVADO DE AVENA
911490,PARTES
560490,AMARRA
293120,TRATAMIENTO EN CALIENTE
610831,PIJAMA BASICO
630110,MANTA CALEFACTORA
300630,MEDIOS DE CONTRASTE
852321,TARJETAS
846630,WIRED REMOTE CONTROL
370199,PELICULA RADIOGRAFICA
820299,SINCODIGO
730669,CONJUNTO DE TUBERIAS
871410,CILINDRO
846880,MAQUINA DE TERMOFUSION
901480,RECEPTOR DE SONOBOYAS
850120,MOTOR TRIFASICO
810210,TRIOXIDO
843142,HOJAS TOPADORAS MM
480530,PAPEL SULFITO
290517,MATERIA PRIMA
711320,BISUTERIA
701020,TAPAS
560394,ENTRETELA
630291,PA O DE COCINA
821000,MOLINILLO CAFE
820740,TERRAJA
420291,BOLSO DE HOMBRO
621490,BUFANDAS
732410,LAVAPLATOS
902490,KIT EMBRAGUE ASSY
854800,CILINDRO ELECTROMECANICO
820220,HOJA DE SIERRA
290944,MONOETILENGYCOL
540824,TELA SARGA ESTAMPADA
961220,SELLO DACTILAR
621290,PETO
570390,ALFOMBRA
960990,LAPIZ CERA
071331,POROTOS
940561,SINCODIGO
620459,RORA DE VESTIR
722860,BARRAFBOLT
842382,BALANZA DIGITAL
620990,ROPA DE BEBE
847350,PARTES
732219,DIFUSOR DE CALOR
846620,MESA
610442,VESTIDO
610620,BLUSA
110610,HARINA DE GARBANSO
320414,COLORANTES
731582,CECM
845690,GUILLOTINA
871491,HORQUILLAS PARA BICICLETAS
491000,CALENDARIO
392220,ASIENTO
280421,ARGON
300650,SET BOTIQUIN
830120,CERRADURA
848020,CONJUNTO PORTA CULLILLOS
370710,ACEITE DE IMAGEN
844621,TELAR
440890,CHAPASDEALAMO
853951,AMPOLLETA
842220,ESTACION DE LIMPIEZA
284290,RETICULANTE INORGANICO
282710,SAL FLUX
711810,MEDALLAS
846610,PORTAHERRAMIENTA
701328,COPAS DE VIDRIO
845380,SIN CODIGO
950629,ANDARIVEL
851490,ELEMENTO CALEFACTOR
441233,TABLERO DE RECAMBIO
291735,ANHIDRIDO FTALICO
820510,HERRAMIENTA DE MANO
090111,CAFE
701310,TAZA DE VIDRIO
560890,SIN CODIGO
071360,ARVEJAS
100390,CEBADA CON CASCARA
731439,MALLA DE ACERO INOXIDABLE
845290,SISTEMA CORTE HILO
450190,CORCHO GRANULADO
961000,PIZARRA
570220,LIMPIAPIES
730793,FLANGE DE URUNARIO
845320,MAQUINA
340241,AGENTE COAGULANTE
732392,OLLA COCOTTE
821599,CUCHILLO
851621,CALEFACTOR
820520,COMBAS
300670,GEL ANTIBACTERIAL
630251,MANTEL ALTEZZO
890312,BALSAS
680299,PLANCHAS DE CUARZO
721633,PERFILES EN H
440794,VBCHST
721114,PLANCHUELAS
750210,NIQUEL SIN ALEAR
970121,PINTURAS
080251,PISTACHOS
580640,CINTA ABRE FACIL
370790,AWEAU
621142,DELANTAL
610433,CHAQUETA
170113,AZUCAR
845110,MAQUINA DE ASPIRADO
841320,BOMBA TENSIONADO
530890,HILO
620230,CAMISAS
480269,ROLLOS
630210,FUNDAS
621790,FRENTE DELANTERO
790700,ANODO
730429,CANERIA
591131,TELAS
400610,GOMA INTERMEDIA
853949,LAMPARA UV
610323,CONJUNTO INTERIOR
400270,GALWIC
940592,SALD EXP
330129,ACEITE
680221,PIEDRA DE DECORACION
293211,TETRAHIDROFURANO
901290,FILAMENTO EMISION DE CAMPO
900710,CAMARA
611211,UNIFORME
401590,GUANTE
846691,SOPORTE DE MUESTRAS
821420,LIMAS
442110,SET COLGADORES
900311,MONTURAS ARMAZONES
730590,METROS CANERIA
842320,INDICADOR M CON PLATAFORMA
852842,MONITOR
621410,BUFANDA
620444,VESTIDOS
848010,CAJA DE FUNDICION
560729,SIN CODIGO
842832,CARGADOR DE CUBETAS
292320,LECITINA DE
730531,TUBERIAS DE ACERO
392290,CISTERNA
680430,PIESDRA
540791,TELA OPTIMA
660110,PARASOL
410799,CUERO BOVINO
920600,BATERIAS
290549,FIBRA DE AVENA
845490,YUGO
960629,BOTONES
560290,FIELTRO
110220,PREMEZCLA
847431,MAQUINA PULVERIZADORA
721410,BARRAS DE ACERO
950840,ESCENOGRAFIA
291512,FORMIATO DE SODIO
845229,MAQUINA DE COCER
442011,CAJA DE MADERA
846090,ESMERIL
852419,PANTALLA DE CONTROL
660191,PARAGUA
620610,CAMISA
481710,SOBRE
910219,RELOJ DIGITAL
901490,UNIDAD CONTROL GENERADOR
120810,HARINA DE SOYA
854720,AISLADOR SECUNDARIO
854099,PLANTILLA
901050,STUDIO
610444,VESTIDO
843629,MAQUINA PROCESADORA
920710,TECLADO
200912,JUGO DE FRUTA
841919,EQUIPO QPCR
852411,MODULO DISPLAY PANTALLA
841933,SECADOR POR PULVERIZACION
330620,HILO DENTAL
382213,REACTIVOS DE DIAGNOSTICOS
611231,TRAJE DE BANO
420219,CARRO
540753,TELA DE POLIESTER
790111,CINC
290343,GAS REFRIGERANTE
961320,ENCENDEDOR
570250,ALFOMBRA MULTIUSO
271210,VASELINA
853521,DISYUNTORES
284443,FUENTE DE FRAQUITERAPIA
610610,BLUSA
482290,BOBINAS CARRETE
850730,BATERIAS
730629,TUBO
390469,POLIMEROS FLUORADOS
291631,ADITIVO ALIMENTICIO
611529,LEGGING
732510,REJILLAS
390920,RESINA
481019,FORM CONTINUO
732391,PLANCHA
854141,DIODOS EMISORES DE LUZ
610722,PRIMERA CAPA
870990,UNIDAD FUNCIONAL
721632,PERFIL DE ACERO
871500,SON CODIGO
610333,CHAQUETA
030693,PINZAS DE CANGREJO
820210,SIERRA DE MANO
730300,TUBOS
910229,RELOJ PULSERA
442090,CAJA CON TAPA
821110,SURTIDO DE CUCHILLOS
253010,ATRAPAESCORIA
961610,PULVERIZADOR VALVULA
252520,MICA EN POLVO
740919,ERHTRSCU
902890,MEMBRANA SENSORA H S
820190,CABEZAL
853229,CONJUNTO DE CAPACITOR
850519,IMANES
870821,CINTURON DE SEGURIDAD
090122,CAFE
940310,GGCHB
590190,BASTIDOR
120721,SEMILLAS
100620,ARROZ
844240,TARJETA DE CIRCUITO DE
210310,SALSA PREPARADS
960400,TAMIZ
290529,FARNESOL
870110,MOTOCULTOR
630240,MANTEL SECAVASOS
846420,MAQUINA PULIDORA
845012,LAVADORA DE ROPA
621430,ACCESORIOS PARA DAMAS
950720,ANZUELOS
380630,GOMA ESTER
845939,FRESADORA PORTATIL DE COPIADO
847010,CALCULADORA
291615,MATERIA PRIMA
030772,JULIANA ENTERA CRUDA
630492,PLUMON
900220,FILTRO OPTICO
848060,MATRIZ
080261,NUECES
350710,MAXINVERT
830630,PORTA GRAFICA
761610,BRN
711790,MINI CHARM
854710,AISLADOR PRIMARIO
940210,SILLON DENTAL
640220,REINA
620419,VESTIDOS
611241,MENAJE
871494,DISCO DE FRENO
720810,LAMINA PLACA
720854,PLANCHA MULTIACEROS F
401695,PANTALLA INFLABLE
610452,FALDA
620822,PIJAMAS
570239,ALFOMBRAS
260120,CRISICOLA Y CALDEDONIA
401692,GOMA DE BORRAR
441919,ORGANIZADOR
291419,DIACETONA ALCOHOL
680620,PERLITA EXPANDIDA
851210,LAMPARA
292310,ESTABILIZADOR
090620,CANELA POLVO
845390,YFULON
640351,BALLERINA
270750,SOLRENO
854110,RETROILUMINACION
730723,SOLDADURA DE ACERO INOXIDABLE
291219,BIOCIDA NO OXIDANTE
950661,PELOTAS
281420,AMONIACO ACUOSO
480210,SOBRES
630411,COLCHAS
610453,FALDA
950619,TABLAS DE SNOWBOARD
610422,BERMUDAS
830170,LLAVE
610439,CHAQUETADOLCE GABBANA FDE FIBRA
320620,PREPARACION COLORANTE
481390,PAPEL DE FUMAR
294190,NATAMYCIN
853222,CONDENSADORES
720150,PATRONES SOLIDOS DE METALES
640319,CALZADO PARA MUJERES
130212,EXTRACTO DE REGALIZ
150600,ACEITE DE EMU
851419,HORNO DE RESISTENCIA
290290,ALFAMETIL ESTIRENO DIMERICO
841012,TURBINA
284390,NITRATO DE PLATA
760529,SOLDADURA
871110,MOTOCICLETA
722820,BARRA
290399,DERIVADOS HALOGENEADOS DE HIDROCARBUROS
844849,MALLA GASA DE VUELTA
620130,PARKA
761410,CABLE CONDUCTOR
681410,PLACA DE MICA
870919,TRACTOR ELECTRICO
701710,DISCO DE CUARZO
845522,SIN CODIGO
846040,MAQUINA DE LAPEAR
848030,MODELO PARA MOLDES
870192,TRACTOR AGRICOLA
611710,ACCESORIOS PARA DAMAS
860692,SINCODIGO
680520,BANDA DE LIJAS
292130,ADI PLUS
722990,ALAMBRE SOLIDO
481160,PAPEL SEDA
292159,CATALIZADOR
611692,GUANTES
940430,SACO DE DORMIR
853941,LAMPARA DE XENON
290721,MATERIA PRIMA
911320,PARTES
741533,TOR
841182,TURBINA A GAS
851981,GRABADOR DIGITAL
900110,FIBRA OPTICA
851120,MAGNETO
530290,SOUSWEET
283110,SULFOXILATO DE SODIO
681511,MASTIL DE ANTENA CALISTE
292521,FLUORITA
482050,ALBUN DE FOTO
441292,PISO ORGANICO
610329,BUZO
002103,POLERA SPORTLACONIC FDIFERENTES TALLAS
570249,BAJADA DE CAMA
401033,CORREA
821410,CORTA PAPEL
251810,DOLOMITA CRUDA
610290,CORTAVIENTO
920590,CLARINETE DE MADERA BB
620711,ROPA INTERIOR
300691,BOLSA DE OSTOMIA
720916,LAMINILLA DE FIERRO SECA
560391,TELA SIN TEJER
290543,MANITOL
900290,PRISMAS
590610,CINTA ADHESIVA
620892,CAMISA
000700,FOTOGRAFIAS
190240,CUCUS CAROZZI
640590,SANDALIAS PLANASDOLCE GABBANA FPARA
821194,HOJAS DE REPUESTO
854149,SINCODIGO
030199,PECES
721631,PERFILES EN U
620690,CAMISA
940149,REPOSERAS ZAPALLAR
481730,EMPAQUE CARTON
852582,SISTEMA CCTV
482030,ARCHIVADORES
960840,PORTAMINAS
870191,TRACTOR AGRICOLA
281121,DIOXIDO DE CARBONO
370110,PELICULA RADIOGRAFICA
620323,CONJUNTO DE VESTIR
611780,CUBRENUCA
570232,BAJADA DE CAMA
670290,RAMO MIXTO
821191,CUCHILLO DE MESA
540761,TELA TEFETAN
830510,MECANISMO PALANCA
030459,FILETE DE CONGRIO FRESCO
711711,AROS
830810,CORCHETE
481850,BUZO TALLA XL
850171,GENERADORES
250840,ARCILLAS
580890,POMPON
900691,KIT DE CONTROL
640690,CRAMPONES
281290,GAS SULFURO HEXAFLUORURO
540754,TELA
610469,PANTALON
401032,CORREA
854340,CIGARRILLO ELECTRONICO
610449,VESTIDO
843061,MAQUINA COMPACTADORA
420239,PORTA CASCO
845150,MAQUINA ESCANER CORTADORA
570339,LIMPIAPIES
820540,SET DESTORNILLADORES
730411,TUBOS
290110,HEPTANO
441911,TABLA DE CORTE
852719,INALAMBRICA
846810,SOPLETE DE CORTE
853921,LUZ DE PISO
870911,CARRETILLA
701322,COPA DE CHAMPAGNE
760611,PLANCHAHUNTER DOUGLAS CHILE FDE
701912,HILO ROVING
510521,LANA
630590,SACOS
854419,CABLE
292690,OCTOCRILENO
470692,FIBRA SOLUBLE
830520,GRAPAS
040390,BEBIDA LACTEA
900219,LENTE OBJETIVO
630312,CORTINAS
970510,FRAGMENTO DE SARCOFAGO PALEOCRISTIANO
200941,JUGO DE FRUTA
252390,CEMENTO EN FRO
570231,ALFOMBRA LANA
846269,PRENSA CABLE
920994,PEDAL
901600,BALANZA PRESURIZADA
731990,AGUJAS
284321,NITRATO
030259,MERLUZA DE COLA FRESCA
283210,SULFITO DE SODIO
283410,NITRITO DE SODIO
560790,SET AMARRAS
621230,BRASIER
700991,ESPEJO
950669,BALON MEDICINAL
382370,MATERIA PRIMA
810999,PERLAS DE ZIRCONIO
621111,BOARSHORT
611300,OVEROL
620930,ZAPATILLA
610431,AMERICANA
340311,SUAVIZANTE
900190,ESPEJO CONVEXO
392063,FILM
851930,TOCADISCO
620891,BOXER
292800,SECUESTRANTE ORGANIC D OXIGENO
821510,JUEGO DE CUCHILLERIA
293319,MATERIA PRIMA
540769,TELA
960850,MALETA DE ARTE
854159,TRANSDUCTOR
846019,CORREA
580710,PALA
600536,MALLA
271020,ACEITE DE TRANSMISION
291830,ACIDO CARBOXILICO
401390,CAMARA
903110,EQUIPO DE BALANCEO
681512,FIBRA DE CARBONO
842099,PINZA MOTRICE
940531,GUIRNALDA
170219,COMPRIMIDOS
741529,CONO
847021,CAJA DE AUTOSERVICIO
460290,CANASTO
620449,VESTIDO
620719,BOXERS CALZONCILLOS
600290,MALLA ELASTICADA
722300,ALAMBRE
844900,FELTING MACHINE
400690,TUBOS
283650,CRECARB
271290,EMULSION DE PARAFINA
840420,TORQUE
340420,POLIETILENGLICOL
850870,CONTROLADOR
701915,MATS
844819,CABEZAS DE JACAR
551110,LANA
842310,BALANZABUILDER COMMERCE FDIGITALPARA USO
610331,AMERICANA
950730,CARRETE
291819,FRESCOLAT PLUS
350190,ADHESIVO ACUOSO
200551,POROTOS EN CONSERVA
845969,RETESTEADORA
660200,BASTON
291614,METACRILATO DE METILO MONOMERO
540110,HILOS
530720,CORDEL DE YUTE
720229,FERROSILICIO
851633,SECADOR DE MANOS
480640,PAPELES
611594,CALCETINESLANA
290611,SABORIZANTE MENTHOL
060210,PLANTAS DE FRUTILLA
853529,CONJUNTO PUESTA A TIERRA
293625,VITAX
721310,CORDON TUBULAR
961511,GUANTE CON PEINE
810110,LECOCEL
840732,MOTOR
420321,GUANTES
000403,ARCHIVOS
610690,TOP
960340,RODILLO
960310,PINCELES
282759,BROMURO CETILTRIMETILAMONIO
441811,PUERTA CORREDERA
680300,CUBIERTAS
853310,DISPOSITIVO DE RESISTENCIA
820530,GUBIA
621420,BUFANDA
620821,PIJAMAS DE NINA
620799,SIN CODIGO
080390,PLATANO EN TROZO
010632,ENICOGNATHUSLEPT
900661,FLASHES
400819,TIRAS DE SELLOS
830790,FLEXIBLE
590310,MALLA NEGRA
961620,SET ESPONJAS
711049,COBALTO
620319,TRAJE
292211,MONOETANOLAMINA
830150,CERRADURA
853390,ELEVADOR DE REEMPLAZO
610899,BUZO PIJAMA
391530,RESIDUOS DE PLASTICO AM
845899,TORNO
010619,RINOCERONTE BLANCO
480700,CARTON PIEDRA
630520,BOLSAS
630130,MANTAS
401035,CORREAS DE SOPORTE
750522,SOLDADURA
610210,CAPA
292090,ANTIOXIDANTE
070820,POROTOS
151419,ACEITE DE CANOLA
170230,MALTITOL JARABE DE GLUCOSA
940591,PANTALLA
610332,AMERICANA
950830,GLOBO DE LA MUERTE
853932,LAMPARA
741021,TIRA
460219,INDIVIDUAL
291823,OCTIL SALICILATO
482320,PAPEL FILTRO
610423,CMV
291829,ANTIOXIDANTES PRIMARIOS
030617,CAMARON
711610,COLLAR
460212,CANASTO ORGANIZADOR
920810,MINI CAJA MUSICAL
610799,PRIMERA CAPA
200820,PINA EN CONSERVA
901510,MEDIDOR LASER
310260,FERTILIZANTE
580631,ESPIGA
844230,TIPOGRAFICA
847681,MAQUINA
691010,INODORO
910610,RELOJ BIOMETRICO
480840,PAPEL
722090,ANILLO DESGASTE
960920,MINAS
732182,TURBOCALEFACTOR
480429,PAPEL
701973,TELA
841610,QUEMADOR
842091,RODILLO
611212,JERSEY
911390,PULSERAS
290950,STEARETH
441019,CLAD
621112,TRAJE DE BANOLORENZO DI
722230,BLOQUE
820130,SET HERRAMIENTAS
630419,CUBRECAMABUILDER COMMERCE FQUILT
611530,MEDIA PANTALON
830400,ARCHIVADOR
910400,UNIDAD DE MANDO
840390,CALD SIME
960899,LAPIZ RAYADOR
680229,PIEDRAS
292129,CATALIZADOR
050790,ASTAS
200891,PALMITOS
611420,BODY
481022,PAPEL ESTUCADO
280920,ACIDIFCANTE
110311,SEMOL
721669,PERFIL ANGULO MULTIACEROS F
961380,ENECENDEDOR
670419,PELUCAS
370254,PELICULA
490810,ETIQUETAS ADHESIVAS
620329,SUIT
840733,MOTOR ENCENDIDO POR CHISPA
871420,COJINBUILDER COMMERCE FPICARONORTOPEDICOANTIESCARASCO
853225,CAPACITOR
680292,POLVO
630391,CORTINA OJE
701972,FIBRA DE VIDRIO
520959,TELA DE ALDOGON
843231,SEMBRADORA USADA
732421,LAVAPLATO
370390,PAPEL
250900,CARBONATO DE CALCIO NATURAL
920999,CAPODASTRO
711620,GARGANTILLA
853990,FAROL
540600,LANA
691410,MACETA
560410,PIOLAS ELASTICAS
550942,HILADOS
961590,SET TRABAS
950640,SET PING PONG
630510,SOBRE CHERRY ZEBRA
845640,CORTADORA
630800,MANTEL
871310,SILLA DE RUEDA
732010,RESORTE
721590,BARRA DE ACERO
810299,HILO
290711,MATERIA PRIMA
871495,ASIENTO
441920,SET SERVICIO
845130,MAQUINA TRANFER
330125,ACEITE ESENCIAL
070700,PEPINO
520411,HILO DE COSER
283319,LAURIL SULFATO DE SODIO
960719,CIERRES DE CREMALLERA
570291,ALFOMBRA
741521,DISCO DE BRONCE
930320,SARRASQUETASHOTG
970531,PARTITURA
620620,CAMISA
902810,MEDIDOR
630539,CUBRE TRAJE
293359,LEVODROPROPIZINA
380400,LICOR NEGRO
621590,CORBATA
392069,FILM DE POLIPROPILENO
610322,CHAQUETA LIGHT OUTWEAR
170220,JARABE
270300,TURBA
570292,ALFOMBRA
401140,NEUMATICOS
600110,ROLLO DE LIJA
830590,CLIPS
400121,CAUCHO
700319,PLACAS DE VIDRIO
251310,PIEDRA POMEZ
844590,MAQUINA ANUDAR
460129,INDIVIDUAL
620422,CONJUNTO
854160,TRANSISTOR Y RESISTOR
853931,LAMPARA FLUORESCENTE
845420,MOLDE PARA LINGOTE
730519,TUBERIA
071151,CHAMPINONESCOM DE LA PLAZAEN
853321,SENSORES
030449,FILETE DE CONGRIO FRESCO
401490,PUNTAS DE GOMA
480258,PAPELES
920510,TROMBON
381231,KERWAX
691310,ADORNO
090220,TE VERDE
750512,SOLDAURAS
321390,TEMPERA DE COLOREAR
741510,GRAPA
660199,SOMBRILLA
320210,ESCGOUR
701914,E GLASS
310551,ACTIVADOR DE CRECIMIENTO
440922,SET DE PCS
670100,PLUMAS
890331,BOTE
630319,CORTINAS X
260700,MINERAL DE PLOMO
760820,SET MARCADORES
848690,PARTES
721090,LAINA DE ACERO
070951,CHAMPINON FRESCO
481490,PAPEL MURAL
721119,PLANCHA DE ACERO
852713,RADIO
550320,FIBRAVARIADAS
621320,PANUELOS
251710,RIPIO
070930,BERENJENAS
560393,TELAS SIN TEJER
252921,FLUORITA
511230,PONCHO DE LANADLP FCON
930330,BROWNINGCITORIRI
930200,STARPISTOL
350520,ADHESIVO
293339,ESTABILIZANTE
650400,JOCKEY PANAM SPORT
350211,BATIDO PROTEICO
920992,PUAS
843221,GRADA
160239,SINCODIGO
040150,SINCODIGO
853922,AMPOLLETA ALUSA F
851090,CUCHILLA AFEITADORA
940539,LUCES VIDRIO
701890,RELOJ DE ARENA
960621,BOTONES
070511,LECHUGA ESCAROLA
330710,BALSAMO
110813,CHUNOOSO
700320,VIDRIO
382600,ACEITE MINERAL
520710,LANA
310221,SULFATO DE AMONIO
621390,PANUELO
481099,OTFLOW
854142,PANEL SOLAR
110423,GRANOS TRABAJADO DE MAIZ
283230,TIOSULFATO DE SODIO
110419,HOJUELA DE CEBADA
200390,SALSA DE TRUFA
550921,HILO
910310,REJOJ
410390,CUEROS
480220,PAPEL
510310,LANA DE OVINOS
940153,SOFA
854233,AMPLIFICADOR
741820,DESAGUE WASSER
382491,ABSORVENTE
540742,TEJIDOS
110510,CHUCHO
300120,OVULOS
611790,GORROS
252620,TALCO
480261,PAPEL DE IMPRESION
060120,BULBOS DE FLORES
731940,CHINCHES
550953,HILADOTENIDO
848590,SELLO
570490,ALFOMBRA
690911,MORTERO
530911,TELA MARFIL
292990,FENANTROLINA
290943,BUT ILGLICOL
940159,SOFA
292700,AZODICARBONAMIDA
400520,ESPUMA REPARACION NEUMATICO
110313,SEMOLA
900791,ADAPTADOR
090710,CLAVOL
480610,PAPEL SEDA
401310,CAMARAS
610419,SACO AFRIKA
330530,LACAS PARA EL CABELLO
170260,CHANCACA
400700,HILO
090812,NUEZM
950821,PLACA
540490,MONOFILAMENTOS SINTETICOS
611190,PANTALON
551612,TEJIDOS
871496,ANTIMONIO DERECHO E IZQUIERDO
370298,ROLLO
240210,CIGARROS
690722,REVESTIMIENTOS
854130,INTERRUPTOR
701333,VASO
940191,VASE F C F
480890,PAPEL CREPE
845961,TALADRO
291816,GLUCONATO DE SODIO
283719,BIEFTALATO DE POTASIO
430390,COLETOS
252330,CEMENTOS ALUMINOSOS
701341,VINAGRERA ACEITERA
701400,VIDRIO
551120,LANA
844010,MAQUINA ENCUADERNADORA
510990,LANA
930621,PISTOLA NEUMATICA MULTIACEROS F
580123,FELPA
831130,SOLDADURA
670490,PESTANAS POSTIZAS
680410,DISCO
790112,ANODOS
521139,TEJIDOS
620429,CONJ SWEATER PANTALON
940152,SILLA
401211,LLANTAS
621440,PANUELOS
844312,IMPRESORA
701971,FIBRA DE VIDRIO
480540,PAPEL FILTRO
722100,ALAMBRE PIOLA
560721,CUERDA
844833,HUSILLO
482340,ROLLO TERMICO
900510,BINOCULARES
291429,ALCANFOR NATURAL
520420,HILO
430310,PULSERA
480459,LIJA
551512,FIBRA SINTETICA
630190,MANTA TERMICA
820110,PALA
610891,PACK CORSETERIA CALZON
320720,COLOR PREPARADO
630629,TOLDOS DE CUALQUIER CLASE
392079,FIBRA DE CELULOSA
283699,CARBONATO DE MANGANESO
920190,ORGANO
380590,JABON
901090,TARJETA ELECTRONICA MONTADA
701110,TUBO
845190,RODILLO DE PRESION
720890,PLANCHAS
030488,PEJEGALLO
850690,CARGADOR MULTIACEROS F
481720,SOBRE
830820,REMACHES
580790,PALA GRADOS EN HOMBRERA
631090,TRAPO BLANCO
853939,LAMPARAS DE LED
290122,PROPENO
390490,BARRA TEFLON
