codigo,glosa,pseudo_pais
308,AFGHANISTAN,False
518,ALBANIA,False
563,ALEMANIA,False
525,ANDORRA,False
140,ANGOLA,False
242,ANGUILA,False
240,ANTIGUA Y BARBUDA,False
247,ANTILLAS NEERLANDESAS,False
302,ARABIA SAUDITA,False
127,ARGELIA,False
224,ARGENTINA,False
540,ARMENIA,False
243,ARUBA,False
406,AUSTRALIA,False
509,AUSTRIA,False
541,AZERBAIJAN,False
207,BAHAMAS,False
313,BAHREIN,False
321,BANGLADESH,False
204,BARBADOS,False
542,BELARUS,False
420,BELAU,False
514,BELGICA,False
236,BELICE,False
150,BENIN,False
244,BERMUDAS,False
221,BOLIVIA,False
543,BOSNIA Y HERZEGOVINA,False
113,BOTSWANA,False
220,BRASIL,False
344,BRUNEI,False
527,BULGARIA,False
161,BURKINA FASO,False
141,BURUNDI,False
318,BUTAN,False
129,CABO VERDE,False
315,CAMBODIA,False
149,CAMERUN,False
226,CANADA,False
130,CHAD,False
997,CHILE,True
336,CHINA,False
305,CHIPRE,False
202,COLOMBIA,False
118,COMORAS,False
144,CONGO,False
334,COREA DEL NORTE,False
333,COREA DEL SUR,False
107,COSTA DE MARFIL,False
211,COSTA RICA,False
547,CROACIA,False
209,CUBA,False
507,DINAMARCA,False
155,DJIBOUTI,False
231,DOMINICA,False
218,ECUADOR,False
124,EGIPTO,False
213,EL SALVADOR,False
341,EMIRATOS ARABES UNIDOS,False
163,ERITREA,False
548,ESLOVENIA,False
517,ESPAÑA,False
225,ESTADOS UNIDOS DE AMÉRICA,False
549,ESTONIA,False
139,ETIOPIA,False
401,FIJI,False
335,FILIPINAS,False
512,FINLANDIA,False
505,FRANCIA,False
145,GABON,False
102,GAMBIA,False
550,GEORGIA,False
108,GHANA,False
565,GIBRALTAR,False
232,GRANADA,False
520,GRECIA,False
253,GROENLANDIA,False
425,GUAM,False
215,GUATEMALA,False
566,GUERNSEY,False
104,GUINEA,False
103,GUINEA - BISSAU,False
147,GUINEA ECUATORIAL,False
217,GUYANA,False
208,HAITI,False
515,PAÍSES BAJOS,False
214,HONDURAS,False
342,HONG KONG - REGIÓN ADMINISTRATIVA ESPECIAL DE CHINA,False
530,HUNGRIA,False
317,INDIA,False
328,INDONESIA,False
307,IRAK,False
309,IRAN,False
506,IRLANDA,False
516,ISLANDIA,False
246,ISLAS CAYMAN,False
427,ISLAS COOK,False
567,ISLAS DE MAN,False
327,ISLAS MALDIVAS,False
424,ISLAS MARIANAS DEL NORTE,False
164,ISLAS MARSHALL,False
418,ISLAS SALOMON,False
403,ISLAS TONGA,False
249,ISLAS VIRGENES (ESTADOS UNIDOS DE AMERICA),False
245,ISLAS VIRGENES BRITANICAS,False
306,ISRAEL,False
504,ITALIA,False
205,JAMAICA,False
331,JAPON,False
568,JERSEY,False
301,JORDANIA,False
551,KASAJSTAN,False
137,KENIA,False
552,KIRGISTAN,False
416,KIRIBATI,False
303,KUWAIT,False
316,LAOS,False
114,LESOTHO,False
553,LETONIA,False
311,LIBANO,False
106,LIBERIA,False
125,LIBIA,False
534,LIECHTENSTEIN,False
554,LITUANIA,False
532,LUXEMBURGO,False
345,MACAO,False
555,MACEDONIA,False
120,MADAGASCAR,False
329,MALASIA,False
115,MALAWI,False
133,MALI,False
523,MALTA,False
128,MARRUECOS,False
250,MARTINICA,False
119,MAURICIO,False
134,MAURITANIA,False
216,MEXICO,False
417,MICRONESIA,False
556,MOLDOVA,False
535,MONACO,False
337,MONGOLIA,False
252,MONSERRAT,False
561,MONTENEGRO,False
121,MOZAMBIQUE,False
326,MYANMAR (EX BIRMANIA),False
159,NAMIBIA,False
402,NAURU,False
320,NEPAL,False
212,NICARAGUA,False
131,NIGER,False
111,NIGERIA,False
421,NIUE,False
513,NORUEGA,False
423,NUEVA CALEDONIA,False
405,NUEVA ZELANDIA,False
304,OMAN,False
324,PAKISTAN,False
322,PALESTINA,False
210,PANAMA,False
412,"PAPUA, NUEVA GUINEA",False
222,PARAGUAY,False
219,PERU,False
422,POLINESIA FRANCESA,False
528,POLONIA,False
501,PORTUGAL,False
251,PUERTO RICO,False
312,QATAR,False
510,REINO UNIDO,False
148,REPUBLICA CENTRO AFRICANA,False
544,REPUBLICA CHECA (D),False
546,REPUBLICA DE SERBIA,False
346,REPUBLICA DE YEMEN,False
143,REPUBLICA DEMOCRATICA DEL CONGO,False
206,REPUBLICA DOMINICANA,False
545,REPUBLICA ESLOVACA (D),False
519,RUMANIA,False
562,RUSIA (B),False
142,RWANDA,False
165,SAHARA OCCIDENTAL,False
241,SAINT KITTS & NEVIS,False
404,SAMOA OCCIDENTAL,False
536,SAN MARINO,False
234,SAN VICENTE Y LAS GRANADINAS,False
233,SANTA LUCIA (ISLAS OCCIDENTALES),False
524,SANTA SEDE,False
146,SAO TOME Y PRINCIPE,False
101,SENEGAL,False
156,SEYCHELLES,False
105,SIERRA LEONA,False
332,SINGAPUR,False
310,SIRIA,False
138,SOMALIA,False
314,SRI LANKA,False
112,SUDAFRICA,False
123,SUDAN,False
160,SUDAN DEL SUR,False
511,SUECIA,False
508,SUIZA,False
235,SURINAM,False
122,SWAZILANDIA,False
557,TADJIKISTAN,False
330,TAIWAN (FORMOSA),False
135,TANZANIA,False
151,TERRITORIO BRITÁNICO EN AFRICA,False
227,TERRITORIO BRITÁNICO EN AMERICA,False
407,TERRITORIO BRITÁNICO EN OCEANIA Y EL PACIFICO,False
230,TERRITORIO DE DINAMARCA,False
152,TERRITORIO ESPAÑOL EN AFRICA,False
153,TERRITORIO FRANCES EN AFRICA,False
228,TERRITORIO FRANCES EN AMERICA,False
408,TERRITORIO FRANCES EN OCEANIA Y EL PACIFICO,False
229,TERRITORIO HOLANDES EN AMERICA,False
409,TERRITORIO NORTEAMERICANO EN OCEANIA Y EL PACIFICO,False
343,TERRITORIO PORTUGUES EN ASIA,False
319,THAILANDIA,False
426,TIMOR ORIENTAL,False
109,TOGO,False
203,TRINIDAD Y TOBAGO,False
126,TUNEZ,False
248,TURCAS Y CAICOS,False
558,TURKMENISTAN,False
522,TURQUIA,False
419,TUVALU,False
559,UCRANIA,False
136,UGANDA,False
223,URUGUAY,False
560,UZBEKISTAN,False
415,VANUATU,False
201,VENEZUELA,False
325,VIETNAM,False
117,ZAMBIA,False
116,ZIMBABWE,False
902,"Aprovisionamiento (""Rancho"") de naves y aeronaves extranjeras y de maderas para estibar mercancías cargadas en puertos chilenos",True
901,Combustibles y lubricantes destinados al consumo de naves y aeronaves extranjeras y de revistas con el mismo objeto,True
906,Depósito Franco,True
998,Nacional Reputada,True
904,Orígenes o Destinaciones no precisadas por razones comerciales o militares,True
999,Otros (País Desconocido),True
903,Pesca Extraterritorial,True
910,"Zona Franca Arica, Zona Industrial",True
905,Zona Franca Iquique,True
907,Zona Franca Punta Arenas,True
