codigo,glosa,pais,continente
111,MONTREAL,CANADÁ,AMÉRICA DEL NORTE
112,"COSTA DEL PACÍFICO, OTROS NO ESPECIFICADOS",CANADÁ,AMÉRICA DEL NORTE
113,HALIFAX,CANADÁ,AMÉRICA DEL NORTE
114,VANCOUVER,CANADÁ,AMÉRICA DEL NORTE
115,SAINT JOHN,CANADÁ,AMÉRICA DEL NORTE
116,TORONTO,CANADÁ,AMÉRICA DEL NORTE
117,OTROS PUERTOS DE CANADÁ NO IDENTIFICADOS,CANADÁ,AMÉRICA DEL NORTE
118,BAYSIDE,CANADÁ,AMÉRICA DEL NORTE
120,PORT CARTIES,CANADÁ,AMÉRICA DEL NORTE
124,QUEBEC,CANADÁ,AMÉRICA DEL NORTE
125,PRINCE RUPERT,CANADÁ,AMÉRICA DEL NORTE
126,HAMILTON,CANADÁ,AMÉRICA DEL NORTE
131,BOSTON,ESTADOS UNIDOS,AMÉRICA DEL NORTE
132,NEW HAVEN,ESTADOS UNIDOS,AMÉRICA DEL NORTE
133,BRIDGEPORT,ESTADOS UNIDOS,AMÉRICA DEL NORTE
134,NEW YORK,ESTADOS UNIDOS,AMÉRICA DEL NORTE
135,FILADELFIA,ESTADOS UNIDOS,AMÉRICA DEL NORTE
136,BALTIMORE,ESTADOS UNIDOS,AMÉRICA DEL NORTE
137,NORFOLK,ESTADOS UNIDOS,AMÉRICA DEL NORTE
139,CHARLESTON,ESTADOS UNIDOS,AMÉRICA DEL NORTE
140,SAVANAH,ESTADOS UNIDOS,AMÉRICA DEL NORTE
141,MIAMI,ESTADOS UNIDOS,AMÉRICA DEL NORTE
121,"COSTA DEL ATLÁNTICO, OTROS NO ESPECIFICADOS COMPRENDIDOS ENTRE MAINE Y KEY WEST",ESTADOS UNIDOS,AMÉRICA DEL NORTE
151,TAMPA,ESTADOS UNIDOS,AMÉRICA DEL NORTE
152,PENSACOLA,ESTADOS UNIDOS,AMÉRICA DEL NORTE
153,MOBILE,ESTADOS UNIDOS,AMÉRICA DEL NORTE
154,NEW ORLEANS,ESTADOS UNIDOS,AMÉRICA DEL NORTE
155,PORT ARTHUR,ESTADOS UNIDOS,AMÉRICA DEL NORTE
156,GALVESTON,ESTADOS UNIDOS,AMÉRICA DEL NORTE
157,CORPUS CRISTI,ESTADOS UNIDOS,AMÉRICA DEL NORTE
158,BROWNSVILLE,ESTADOS UNIDOS,AMÉRICA DEL NORTE
159,HOUSTON,ESTADOS UNIDOS,AMÉRICA DEL NORTE
122,"PUERTOS DEL GOLFO DE MÉXICO, OTROS NO ESPECIFICADOS COMPRENDIDOS ENTRE KEY WEST Y BROWNSVILLE",ESTADOS UNIDOS,AMÉRICA DEL NORTE
171,SEATTLE,ESTADOS UNIDOS,AMÉRICA DEL NORTE
172,PORTLAND,ESTADOS UNIDOS,AMÉRICA DEL NORTE
173,SAN FRANCISCO,ESTADOS UNIDOS,AMÉRICA DEL NORTE
174,LOS ANGELES,ESTADOS UNIDOS,AMÉRICA DEL NORTE
175,LONG BEACH,ESTADOS UNIDOS,AMÉRICA DEL NORTE
176,SAN DIEGO,ESTADOS UNIDOS,AMÉRICA DEL NORTE
123,"COSTA DEL PACÍFICO, OTROS NO ESPECIFICADOS",ESTADOS UNIDOS,AMÉRICA DEL NORTE
142,EVERGLADES,ESTADOS UNIDOS,AMÉRICA DEL NORTE
143,JACKSONVILLE,ESTADOS UNIDOS,AMÉRICA DEL NORTE
145,PALM BEACH,ESTADOS UNIDOS,AMÉRICA DEL NORTE
146,BATON ROUGE,ESTADOS UNIDOS,AMÉRICA DEL NORTE
147,COLUMBRES,ESTADOS UNIDOS,AMÉRICA DEL NORTE
148,PITTSBURGH,ESTADOS UNIDOS,AMÉRICA DEL NORTE
149,DULUTH,ESTADOS UNIDOS,AMÉRICA DEL NORTE
150,MILWAUKEE,ESTADOS UNIDOS,AMÉRICA DEL NORTE
160,OAKLAND,ESTADOS UNIDOS,AMÉRICA DEL NORTE
161,STOCKTON,ESTADOS UNIDOS,AMÉRICA DEL NORTE
180,OTROS PUERTOS DE ESTADOS UNIDOS NO ESPECIFICADOS,ESTADOS UNIDOS,AMÉRICA DEL NORTE
211,TAMPICO,MÉXICO,AMÉRICA LATINA
213,VERACRUZ,MÉXICO,AMÉRICA LATINA
219,"GOLFO DE MÉXICO, OTROS NO ESPECIFICADOS",MÉXICO,AMÉRICA LATINA
214,COATZACOALCOS,MÉXICO,AMÉRICA LATINA
215,GUAYMAS,MÉXICO,AMÉRICA LATINA
216,MAZATLAN,MÉXICO,AMÉRICA LATINA
217,MANZANILLO,MÉXICO,AMÉRICA LATINA
218,ACAPULCO,MÉXICO,AMÉRICA LATINA
212,"COSTA DEL PACÍFICO, OTROS PUERTOS",MÉXICO,AMÉRICA LATINA
210,OTROS PUERTOS DE MÉXICO NO ESPECIFICADOS,MÉXICO,AMÉRICA LATINA
220,ALTAMIRA,MÉXICO,AMÉRICA LATINA
221,CRISTOBAL,PANAMÁ,AMÉRICA LATINA
222,BALBOA,PANAMÁ,AMÉRICA LATINA
223,COLON,PANAMÁ,AMÉRICA LATINA
224,OTROS PUERTOS DE PANAMÁ NO ESPECIFICADOS,PANAMÁ,AMÉRICA LATINA
232,BUENAVENTURA,COLOMBIA,AMÉRICA LATINA
231,OTROS PUERTOS DE COLOMBIA NO ESPECIFICADOS,COLOMBIA,AMÉRICA LATINA
233,BARRANQUILLA,COLOMBIA,AMÉRICA LATINA
242,GUAYAQUIL,ECUADOR,AMÉRICA LATINA
241,OTROS PUERTOS DE ECUADOR NO ESPECIFICADOS,ECUADOR,AMÉRICA LATINA
252,CALLAO,PERÚ,AMÉRICA LATINA
253,ILO,PERÚ,AMÉRICA LATINA
254,IQUITOS,PERÚ,AMÉRICA LATINA
251,OTROS PUERTOS DE PERÚ NO ESPECIFICADOS,PERÚ,AMÉRICA LATINA
262,BUENOS AIRES,ARGENTINA,AMÉRICA LATINA
263,NECOCHEA,ARGENTINA,AMÉRICA LATINA
264,MENDOZA,ARGENTINA,AMÉRICA LATINA
265,CÓRDOBA,ARGENTINA,AMÉRICA LATINA
261,OTROS PUERTOS DE ARGENTINA NO ESPECIFICADOS,ARGENTINA,AMÉRICA LATINA
266,BAHIA BLANCA,ARGENTINA,AMÉRICA LATINA
267,COMODORO RIVADAVIA,ARGENTINA,AMÉRICA LATINA
268,PUERTO MADRYN,ARGENTINA,AMÉRICA LATINA
269,MAR DEL PLATA,ARGENTINA,AMÉRICA LATINA
270,ROSARIO,ARGENTINA,AMÉRICA LATINA
272,MONTEVIDEO,URUGUAY,AMÉRICA LATINA
271,OTROS PUERTOS DE URUGUAY NO ESPECIFICADOS,URUGUAY,AMÉRICA LATINA
282,LA GUAIRA,VENEZUELA,AMÉRICA LATINA
281,OTROS PUERTOS DE VENEZUELA NO ESPECIFICADOS,VENEZUELA,AMÉRICA LATINA
285,MARACAIBO,VENEZUELA,AMÉRICA LATINA
292,SANTOS,BRASIL,AMÉRICA LATINA
293,RIO DE JANEIRO,BRASIL,AMÉRICA LATINA
294,RIO GRANDE DEL SUR,BRASIL,AMÉRICA LATINA
295,PARANAGUA,BRASIL,AMÉRICA LATINA
296,SAO PAULO,BRASIL,AMÉRICA LATINA
297,SALVADOR,BRASIL,AMÉRICA LATINA
291,OTROS PUERTOS DE BRASIL NO ESPECIFICADOS,BRASIL,AMÉRICA LATINA
302,CURAZAO,ANTILLAS HOLANDESAS,AMÉRICA LATINA
301,OTROS PUERTOS DE LAS ANTILLAS HOLANDESAS NO ESPECIFICADOS,ANTILLAS HOLANDESAS,AMÉRICA LATINA
399,OTROS PUERTOS DE AMÉRICA NO ESPECIFICADOS,ANTILLAS HOLANDESAS,AMÉRICA LATINA
411,SHANGAI,CHINA,ASIA
412,DAIREN,CHINA,ASIA
413,OTROS PUERTOS DE CHINA NO ESPECIFICADOS,CHINA,ASIA
421,NAMPO,,COREA DEL NORTE
420,OTROS PUERTOS DE COREA DEL NORTE NO ESPECIFICADOS,,COREA DEL NORTE
422,BUSAN,,COREA DEL SUR
423,OTROS PUERTOS DE COREA DEL SUR NO ESPECIFICADOS,,COREA DEL SUR
431,MANILA,FILIPINAS,COREA DEL SUR
432,OTROS PUERTOS DE FILIPINAS NO ESPECIFICADOS,FILIPINAS,COREA DEL SUR
442,OSAKA,JAPON,COREA DEL SUR
443,KOBE,JAPON,COREA DEL SUR
444,YOKOHAMA,JAPON,COREA DEL SUR
445,NAGOYA,JAPON,COREA DEL SUR
446,SHIMIZUI,JAPON,COREA DEL SUR
447,MOJI,JAPON,COREA DEL SUR
448,YAWATA,JAPON,COREA DEL SUR
449,FUKUYAMA,JAPON,COREA DEL SUR
441,OTROS PUERTOS DE JAPON NO ESPECIFICADOS,JAPON,COREA DEL SUR
451,KAOHSIUNG,TAIWAN,COREA DEL SUR
452,KEELUNG,TAIWAN,COREA DEL SUR
453,OTROS PUERTOS DE TAIWAN NO ESPECIFICADOS,TAIWAN,COREA DEL SUR
461,KARHG ISLAND,IRAN,COREA DEL SUR
462,OTROS PUERTOS DE IRAN NO ESPECIFICADOS,IRAN,COREA DEL SUR
471,CALCUTA,INDIA,COREA DEL SUR
472,OTROS PUERTOS DE INDIA NO ESPECIFICADOS,INDIA,COREA DEL SUR
481,CHALNA,BANGLADESH,COREA DEL SUR
482,OTROS PUERTOS DE BANGLADESH NO ESPECIFICADOS,BANGLADESH,COREA DEL SUR
492,HONG KONG,SINGAPUR,COREA DEL SUR
491,OTROS PUERTOS DE SINGAPUR NO ESPECIFICADOS,SINGAPUR,COREA DEL SUR
499,OTROS PUERTOS ASIÁTICOS NO ESPECIFICADOS,SINGAPUR,COREA DEL SUR
511,CONSTANZA,RUMANIA,EUROPA
512,OTROS PUERTOS DE RUMANIA NO ESPECIFICADOS,RUMANIA,EUROPA
521,VARNA,BULGARIA,EUROPA
522,OTROS PUERTOS DE BULGARIA NO ESPECIFICADOS,BULGARIA,EUROPA
538,RIJEKA,CROACIA,EUROPA
537,OTROS PUERTOS DE CROACIA NO ESPECIFICADOS,CROACIA,EUROPA
542,GENOVA,ITALIA,EUROPA
543,"LIORNA, LIVORNO",ITALIA,EUROPA
544,NAPOLES,ITALIA,EUROPA
545,SALERNO,ITALIA,EUROPA
546,AUGUSTA,ITALIA,EUROPA
547,SAVONA,ITALIA,EUROPA
541,OTROS PUERTOS DE ITALIA NO ESPECIFICADOS,ITALIA,EUROPA
552,LA PALLICE,FRANCIA,EUROPA
553,LE HAVRE,FRANCIA,EUROPA
554,MARSELLA,FRANCIA,EUROPA
551,OTROS PUERTOS DE FRANCIA NO ESPECIFICADOS,FRANCIA,EUROPA
555,BURDEOS,FRANCIA,EUROPA
556,CALAIS,FRANCIA,EUROPA
557,BREST,FRANCIA,EUROPA
558,RUAN,FRANCIA,EUROPA
562,CADIZ,ESPAÑA,EUROPA
563,BARCELONA,ESPAÑA,EUROPA
564,BILBAO,ESPAÑA,EUROPA
565,HUELVA,ESPAÑA,EUROPA
566,SEVILLA,ESPAÑA,EUROPA
561,OTROS PUERTOS DE ESPAÑA NO ESPECIFICADOS,ESPAÑA,EUROPA
567,TARRAGONA,ESPAÑA,EUROPA
568,ALGECIRAS,ESPAÑA,EUROPA
569,VALENCIA,ESPAÑA,EUROPA
571,LIVERPOOL,INGLATERRA,EUROPA
572,LONDRES,INGLATERRA,EUROPA
573,ROCHESTER,INGLATERRA,EUROPA
574,ETEN SALVERRY,INGLATERRA,EUROPA
576,OTROS PUERTOS DE INGLATERRA NO ESPECIFICADOS,INGLATERRA,EUROPA
577,DOVER,INGLATERRA,EUROPA
578,PLYMOUTH,INGLATERRA,EUROPA
581,HELSINSKI,FINLANDIA,EUROPA
583,HANKO,FINLANDIA,EUROPA
584,KEMI,FINLANDIA,EUROPA
585,KOKKOLA,FINLANDIA,EUROPA
586,KOTKA,FINLANDIA,EUROPA
587,OULO,FINLANDIA,EUROPA
588,PIETARSAARI,FINLANDIA,EUROPA
589,PORI,FINLANDIA,EUROPA
582,OTROS PUERTOS DE FINLANDIA NO ESPECIFICADOS,FINLANDIA,EUROPA
591,BREMEN,ALEMANIA,EUROPA
592,HAMBURGO,ALEMANIA,EUROPA
593,NUREMBERG,ALEMANIA,EUROPA
594,FRANKFURT,ALEMANIA,EUROPA
595,DUSSELDORF,ALEMANIA,EUROPA
596,OTROS PUERTOS DE ALEMANIA NO ESPECIFICADOS,ALEMANIA,EUROPA
597,CUXHAVEN,ALEMANIA,EUROPA
598,ROSTOCK,ALEMANIA,EUROPA
599,OLDENBURG,ALEMANIA,EUROPA
601,AMBERES,BÉLGICA,EUROPA
602,OTROS PUERTOS DE BÉLGICA NO ESPECIFICADOS,BÉLGICA,EUROPA
604,GHENT,BÉLGICA,EUROPA
605,OOSTENDE,BÉLGICA,EUROPA
603,ZEEBRUGGE,BÉLGICA,EUROPA
611,LISBOA,PORTUGAL,EUROPA
612,OTROS PUERTOS DE PORTUGAL NO ESPECIFICADOS,PORTUGAL,EUROPA
613,SETUBAL,PORTUGAL,EUROPA
621,AMSTERDAM,PAÍSES BAJOS,EUROPA
622,ROTTERDAM,PAÍSES BAJOS,EUROPA
623,OTROS PUERTOS DE PAÍSES BAJOS NO ESPECIFICADOS,PAÍSES BAJOS,EUROPA
631,GOTEMBURGO,SUECIA,EUROPA
633,MALMO,SUECIA,EUROPA
634,HELSIMBORG,SUECIA,EUROPA
635,KALMAR,SUECIA,EUROPA
632,OTROS PUERTOS DE SUECIA NO ESPECIFICADOS,SUECIA,EUROPA
641,AARHUS,DINAMARCA,EUROPA
642,COPENHAGEN,DINAMARCA,EUROPA
643,OTROS PUERTOS DE DINAMARCA NO ESPECIFICADOS,DINAMARCA,EUROPA
644,AALBORG,DINAMARCA,EUROPA
645,ODENSE,DINAMARCA,EUROPA
651,OSLO,NORUEGA,EUROPA
652,OTROS PUERTOS DE NORUEGA NO ESPECIFICADOS,NORUEGA,EUROPA
653,STAVANGER,NORUEGA,EUROPA
533,BELGRADO,REPÚBLICA DE SERBIA,EUROPA
534,OTROS PUERTOS DE SERBIA NO ESPECIFICADOS,REPÚBLICA DE SERBIA,EUROPA
535,PODGORITSA,MONTENEGRO,EUROPA
536,OTROS PUERTOS DE MONTENEGRO NO ESPECIFICADOS,MONTENEGRO,EUROPA
699,OTROS PUERTOS DE EUROPA NO ESPECIFICADOS,MONTENEGRO,EUROPA
711,DURBAM,SUDÁFRICA,ÁFRICA
712,CIUDAD DEL CABO,SUDÁFRICA,ÁFRICA
713,OTROS PUERTOS DE SUDÁFRICA NO ESPECIFICADOS,SUDÁFRICA,ÁFRICA
799,OTROS PUERTOS DE ÁFRICA NO ESPECIFICADOS,SUDÁFRICA,ÁFRICA
714,SALDANHA,SUDÁFRICA,ÁFRICA
715,PORT-ELIZABETH,SUDÁFRICA,ÁFRICA
716,MOSSEL-BAY,SUDÁFRICA,ÁFRICA
717,EAST-LONDON,SUDÁFRICA,ÁFRICA
811,SIDNEY,AUSTRALIA,OCEANÍA
812,FREMANTLE,AUSTRALIA,OCEANÍA
814,ADELAIDA,AUSTRALIA,OCEANÍA
815,DARWIN,AUSTRALIA,OCEANÍA
816,GERALDTON,AUSTRALIA,OCEANÍA
813,OTROS PUERTOS DE AUSTRALIA NO ESPECIFICADOS,AUSTRALIA,OCEANÍA
899,OTROS PUERTOS DE OCEANÍA NO ESPECIFICADOS,AUSTRALIA,OCEANÍA
952,ZONA FRANCA IQUIQUE,,ZONAS FRANCAS
953,ZONA FRANCA PUNTA ARENAS,,ZONAS FRANCAS
901,ARICA,PUERTOS MARÍTIMOS,CHILE
902,IQUIQUE,PUERTOS MARÍTIMOS,CHILE
903,ANTOFAGASTA,PUERTOS MARÍTIMOS,CHILE
904,COQUIMBO,PUERTOS MARÍTIMOS,CHILE
905,VALPARAÍSO,PUERTOS MARÍTIMOS,CHILE
906,SAN ANTONIO,PUERTOS MARÍTIMOS,CHILE
907,TALCAHUANO,PUERTOS MARÍTIMOS,CHILE
908,SAN VICENTE,PUERTOS MARÍTIMOS,CHILE
909,LIRQUEN,PUERTOS MARÍTIMOS,CHILE
910,PUERTO MONTT,PUERTOS MARÍTIMOS,CHILE
911,CHACABUCO PUERTO AYSEN,PUERTOS MARÍTIMOS,CHILE
912,PUNTA ARENAS,PUERTOS MARÍTIMOS,CHILE
913,PATILLOS,PUERTOS MARÍTIMOS,CHILE
914,TOCOPILLA,PUERTOS MARÍTIMOS,CHILE
915,MEJILLONES,PUERTOS MARÍTIMOS,CHILE
916,TALTAL,PUERTOS MARÍTIMOS,CHILE
917,CHAÑARAL BARQUITO,PUERTOS MARÍTIMOS,CHILE
918,CALDERA,PUERTOS MARÍTIMOS,CHILE
919,CALDERILLA,PUERTOS MARÍTIMOS,CHILE
920,HUASCO GUACOLDA,PUERTOS MARÍTIMOS,CHILE
921,QUINTERO,PUERTOS MARÍTIMOS,CHILE
922,JUAN FERNANDEZ,PUERTOS MARÍTIMOS,CHILE
923,CONSTITUCION,PUERTOS MARÍTIMOS,CHILE
924,TOME,PUERTOS MARÍTIMOS,CHILE
925,PENCO,PUERTOS MARÍTIMOS,CHILE
926,CORONEL,PUERTOS MARÍTIMOS,CHILE
927,LOTA,PUERTOS MARÍTIMOS,CHILE
928,LEBU,PUERTOS MARÍTIMOS,CHILE
929,ISLA DE PASCUA,PUERTOS MARÍTIMOS,CHILE
930,CORRAL,PUERTOS MARÍTIMOS,CHILE
931,ANCUD,PUERTOS MARÍTIMOS,CHILE
932,CASTRO,PUERTOS MARÍTIMOS,CHILE
933,QUELLÓN,PUERTOS MARÍTIMOS,CHILE
934,CHAITÉN,PUERTOS MARÍTIMOS,CHILE
935,TORTEL,PUERTOS MARÍTIMOS,CHILE
936,NATALES,PUERTOS MARÍTIMOS,CHILE
937,GUARELLO,PUERTOS MARÍTIMOS,CHILE
939,PERCY,PUERTOS MARÍTIMOS,CHILE
940,CLARENCIA,PUERTOS MARÍTIMOS,CHILE
941,GREGORIO,PUERTOS MARÍTIMOS,CHILE
942,CABO NEGRO,PUERTOS MARÍTIMOS,CHILE
943,PUERTO WILLIAMS,PUERTOS MARÍTIMOS,CHILE
944,TERRITORIO ANTÁRTICO CHILENO,PUERTOS MARÍTIMOS,CHILE
945,AEROPUERTO CARRIEL SUR,PUERTOS MARÍTIMOS,CHILE
946,GUAYACAN,PUERTOS MARÍTIMOS,CHILE
948,VENTANAS,PUERTOS MARÍTIMOS,CHILE
199,LOS VILOS,PUERTOS MARÍTIMOS,CHILE
950,CALETA COLOSO,PUERTOS MARÍTIMOS,CHILE
204,PATACHE,PUERTOS MARÍTIMOS,CHILE
205,CALBUCO,PUERTOS MARÍTIMOS,CHILE
206,MICHILLA,PUERTOS MARÍTIMOS,CHILE
207,PUERTO ANGAMOS,PUERTOS MARÍTIMOS,CHILE
208,POSEIDON,PUERTOS MARÍTIMOS,CHILE
209,TRES PUENTES,PUERTOS MARÍTIMOS,CHILE
938,PUERTO ANDINO,PUERTOS MARÍTIMOS,CHILE
190,PUNTA CHUNGO,PUERTOS MARÍTIMOS,CHILE
817,PUERTO CABO FROWARD,PUERTOS MARÍTIMOS,CHILE
818,MUELLE HUACHIPATO,PUERTOS MARÍTIMOS,CHILE
819,TERMINAL MARÍTIMO ESCUADRÓN,PUERTOS MARÍTIMOS,CHILE
820,TERMINAL PORTUARIO TERQUIM,PUERTOS MARÍTIMOS,CHILE
821,TERMINAL MUELLE MECANIZADO ESPERANZA,PUERTOS MARÍTIMOS,CHILE
822,TERMINAL MARÍTIMO ENAEX,PUERTOS MARÍTIMOS,CHILE
823,TERMINAL MARÍTIMO OXIQUIM,PUERTOS MARÍTIMOS,CHILE
824,TERMINAL GRÁNELES DEL NORTE,PUERTOS MARÍTIMOS,CHILE
999,GNL MEJILLONES,PUERTOS MARÍTIMOS,CHILE
997,OTROS PUERTOS CHILENOS,PUERTOS MARÍTIMOS,CHILE
900,RANCHO DE NAVES Y AERONAVES DE TRANSPORTE INTERNACIONAL,PUERTOS MARÍTIMOS,CHILE
826,ESTACIÓN DE MEDICIÓN RECINTO,PUERTOS MARÍTIMOS,CHILE
827,TERMINAL GRANELES DEL NORTE,PUERTOS MARÍTIMOS,CHILE
828,MUELLE INTERACID TRADING (CHILE) S.A.,PUERTOS MARÍTIMOS,CHILE
829,TERMINAL MARITIMO ABASTIBLE,PUERTOS MARÍTIMOS,CHILE
830,TERMINAL MARITIMO ENAP,PUERTOS MARÍTIMOS,CHILE
956,VISVIRI,AVANZADAS O PASOS FRONTERIZOS,CHILE
957,CHACALLUTA,AVANZADAS O PASOS FRONTERIZOS,CHILE
958,CHUNGARÁ,AVANZADAS O PASOS FRONTERIZOS,CHILE
959,COLCHANE,AVANZADAS O PASOS FRONTERIZOS,CHILE
960,ABRA DE NAPA,AVANZADAS O PASOS FRONTERIZOS,CHILE
961,OLLAGUE,AVANZADAS O PASOS FRONTERIZOS,CHILE
962,SAN PEDRO DE ATACAMA,AVANZADAS O PASOS FRONTERIZOS,CHILE
963,SOCOMPA,AVANZADAS O PASOS FRONTERIZOS,CHILE
964,SAN FRANCISCO,AVANZADAS O PASOS FRONTERIZOS,CHILE
951,AGUAS NEGRAS,AVANZADAS O PASOS FRONTERIZOS,CHILE
965,LOS LIBERTADORES,AVANZADAS O PASOS FRONTERIZOS,CHILE
966,MAHUIL MALAL,AVANZADAS O PASOS FRONTERIZOS,CHILE
967,CARDENAL SAMORE,AVANZADAS O PASOS FRONTERIZOS,CHILE
968,PEREZ ROSALES,AVANZADAS O PASOS FRONTERIZOS,CHILE
969,FUTALEUFU,AVANZADAS O PASOS FRONTERIZOS,CHILE
970,PALENA CARRENLEUFU,AVANZADAS O PASOS FRONTERIZOS,CHILE
971,PANGUIPULLI,AVANZADAS O PASOS FRONTERIZOS,CHILE
972,HUAHUM,AVANZADAS O PASOS FRONTERIZOS,CHILE
973,LAGO VERDE,AVANZADAS O PASOS FRONTERIZOS,CHILE
974,APPELEG,AVANZADAS O PASOS FRONTERIZOS,CHILE
975,PAMPA ALTA,AVANZADAS O PASOS FRONTERIZOS,CHILE
976,HUEMULES,AVANZADAS O PASOS FRONTERIZOS,CHILE
977,CHILE CHICO,AVANZADAS O PASOS FRONTERIZOS,CHILE
978,BAKER,AVANZADAS O PASOS FRONTERIZOS,CHILE
979,DOROTEA,AVANZADAS O PASOS FRONTERIZOS,CHILE
980,CASAS VIEJAS,AVANZADAS O PASOS FRONTERIZOS,CHILE
981,MONTE AYMOND,AVANZADAS O PASOS FRONTERIZOS,CHILE
982,SAN SEBASTIAN,AVANZADAS O PASOS FRONTERIZOS,CHILE
983,COYHAIQUE ALTO,AVANZADAS O PASOS FRONTERIZOS,CHILE
984,TRIANA,AVANZADAS O PASOS FRONTERIZOS,CHILE
985,IBAÑEZ PALAVICINI,AVANZADAS O PASOS FRONTERIZOS,CHILE
986,VILLA O'HIGGINS,AVANZADAS O PASOS FRONTERIZOS,CHILE
954,RÍO MAYER,AVANZADAS O PASOS FRONTERIZOS,CHILE
955,RÍO MOSCO,AVANZADAS O PASOS FRONTERIZOS,CHILE
949,PINO HACHADO (LIUCURA),AVANZADAS O PASOS FRONTERIZOS,CHILE
998,PASO JAMA,AVANZADAS O PASOS FRONTERIZOS,CHILE
947,PASO PEHUENCHE,AVANZADAS O PASOS FRONTERIZOS,CHILE
225,PASO GUANACO SONSO,AVANZADAS O PASOS FRONTERIZOS,CHILE
987,AEROP. CHACALLUTA,AEROPUERTOS,CHILE
988,AEROP. DIEGO ARACENA,AEROPUERTOS,CHILE
989,AEROP. CERRO MORENO,AEROPUERTOS,CHILE
990,AEROP. EL TEPUAL,AEROPUERTOS,CHILE
991,AEROP. C.I. DEL CAMPO,AEROPUERTOS,CHILE
992,AEROP. A.M. BENITEZ,AEROPUERTOS,CHILE
993,AERÓDROMO EL LOA,AEROPUERTOS,CHILE
825,AERÓDROMO LA ARAUCANÍA,AEROPUERTOS,CHILE
831,AERÓDROMO PICHOY,AEROPUERTOS,CHILE
994,ARICA-TACNA,ESTACIÓN DE FERROCARRIL,CHILE
995,ARICA-LA PAZ,ESTACIÓN DE FERROCARRIL,CHILE
