codigo,glosa,flujo
101,IMPORTACIÓN PAGO CONTADO NORMAL,importaciones
151,IMPORTACIÓN PAGO CONTADO ANTICIPADO,importaciones
102,IMPORTACIÓN PAGO DIFERIDO NORMAL,importaciones
152,IMPORTACIÓN PAGO DIFERIDO ANTICIPADO,importaciones
103,IMPORTACIÓN ABONA O CANCELA DAPI. PAGO CONTADO,importaciones
120,IMPORTACIÓN ABONA O CANCELA DAPI. PAGO DIFERIDO,importaciones
104,IMPORTACIÓN ABONA O CANCELA DAT. PAGO CONTADO,importaciones
121,IMPORTACIÓN ABONA O CANCELA DAT. PAGO DIFERIDO,importaciones
105,IMPORTACIÓN ABONA O CANCELA AD. TEMP. PERF. ACT. (DAPE),importaciones
130,IMPORTACIONES FUERZAS ARMADAS NORMAL,importaciones
180,IMPORTACIONES FUERZAS ARMADAS ANTICIPADO,importaciones
134,IMPORTACION ABONA O CANCEL DAPITS,importaciones
129,IMPORTACION CON PAGO GARANTIZADO NORMAL,importaciones
179,IMPORTACION CON PAGO GARANTIZADO ANTICIPADO,importaciones
106,ALMACÉN PARTICULAR IMPORTACIÓN NORMAL,importaciones
156,ALMACÉN PARTICULAR IMPORTACIÓN ANTICIPADO,importaciones
113,DAPI-DI CONTADO NORMAL,importaciones
125,DAPI MERCANCÍAS DE EXPORTACIÓN NORMAL,importaciones
175,DAPI MERCANCÍAS DE EXPORTACIÓN ANTICIPADO,importaciones
126,DAPI MERCANCÍAS ANEXO 81 CNA NORMAL,importaciones
176,DAPI MERCANCÍAS ANEXO 81 CNA ANTICIPADO,importaciones
127,DAPI INC. 2º ART. 109 ORDENANZA NORMAL,importaciones
177,DAPI INC. 2º ART. 109 ORDENANZA ANTICIPADO,importaciones
145,DAPI ROTULACIÓN CALZADO NORMAL,importaciones
146,DAPI ROTULACIÓN CALZADO ANTICIPADO,importaciones
117,ALM. PART. IMPORTACIÓN SIMPLIFICADO (DAPITS) NORMAL,importaciones
167,ALM. PART. IMPORTACIÓN SIMPLIFICADO (DAPITS) ANTICIPADO,importaciones
107,ADMISIÓN TEMPORAL PARA PERFEC. ACTIVO DTO. 224 NORMAL,importaciones
157,ADMISIÓN TEMPORAL PARA PERFEC. ACTIVO DTO. 224 ANTICIPADO,importaciones
137,ADMISIÓN TEMPORAL PARA PERFEC. ACTIVO DTO. 473,importaciones
187,ADMISIÓN TEMPORAL PARA PERFEC. ACTIVO DTO. 473 ANTICIPADO,importaciones
108,ADMISIÓN TEMPORAL PARA PERFEC. ACTIVO. DTO 135 NORMAL,importaciones
158,ADMISIÓN TEMPORAL PARA PERFEC. ACTIVO. DTO. 135 ANTICIPADO,importaciones
140,ADMISIÓN TEMPORAL PARA PERFEC. ACTIVO. DTO 28 NORMAL,importaciones
141,ADMISIÓN TEMPORAL PARA PERFEC. ACTIVO. DTO 28 ANTICIPADO,importaciones
109,ADMISIÓN TEMPORAL CON PAGO TASA NORMAL,importaciones
159,ADMISIÓN TEMPORAL CON PAGO TASA ANTICIPADO,importaciones
110,ADMISIÓN TEMPORAL SIN PAGO TASA NORMAL,importaciones
160,ADMISIÓN TEMPORAL SIN PAGO TASA ANTICIPADO,importaciones
111,ADMISIÓN TEMPORAL FISA Y OTRAS FERIAS NORMAL,importaciones
161,ADMISIÓN TEMPORAL FISA Y OTRAS FERIAS ANTICIPADO,importaciones
112,REINGRESO TRÁMITE NORMAL. ABONA O CANCELA D.S.T.,importaciones
162,REINGRESO TRAM.ANTIC. ABONA O CANCELA D.S.T.,importaciones
118,REINGRESO ABONA O CANCELA DAPI,importaciones
128,REINGRESO ABONA O CANCELA DAPITS,importaciones
124,REINGRESO RETIRO DIRECTO NORMAL,importaciones
174,REINGRESO RETIRO DIRECTO ANTICIPADO,importaciones
115,IMPORTACIÓN PAGO SIMULTÁNEO NORMAL,importaciones
165,IMPORTACIÓN PAGO SIMULTÁNEO ANTICIPADO,importaciones
116,IMPORTACIÓN PAGO SIMULTÁNEO ABONA O CANCELA DAPITS,importaciones
122,IMPORTACION PAGO SIMULTÁNEO COURIER NORMAL,importaciones
123,IMPORTACION PAGO SIMULTÁNEO COURIER ANTICIPADO,importaciones
119,IMPORTACION PAGO SIMULTÁNEO VIAJEROS,importaciones
131,SOLICITUD ENTREGA DE MERCANCÍAS,importaciones
132,SOLICITUD REDESTINACIÓN A ZONA FRANCA,importaciones
133,FACTURA REMATE,importaciones
171,IMPORTACION VIA POSTAL,importaciones
138,DEPÓSITO NORMAL,importaciones
139,DEPÓSITO ANTICIPADO,importaciones
142,IMPORTACIÓN ABONA/CANCELA DEPÓSITO,importaciones
199,ORDEN DE EMBARQUE,exportaciones
200,EXPORTACIÓN NORMAL,exportaciones
201,SALIDA DE MERCANCÍAS SIN CARÁCTER COMERCIAL,exportaciones
202,EXPORTACIÓN DE SERVICIOS,exportaciones
203,EXPORTACIÓN DE SERVICIOS SIMPLIFICADA,exportaciones
205,EXPORTACIÓN ABONA DATPA DTO. 224,exportaciones
206,EXPORTACIÓN ABONA DATPA DTO. 135,exportaciones
207,EXPORTACIÓN ABONA DATPA DTO. 473,exportaciones
213,EXPORTACIÓN ABONA DATPA DTO. 28,exportaciones
208,DUSSI SALIDA TEMPORAL,exportaciones
209,DUSSI REEXPORTACIÓN,exportaciones
210,EXPORTACIÓN ABONA SALIDA TEMPORAL,exportaciones
211,RANCHO DE EXPORTACIÓN,exportaciones
212,EXPORTACION CONTENEDORES FABRICADOS CHILE,exportaciones
214,EXPORTACIÓN DE SERVICIOS SICEX,exportaciones
215,SALIDA TEMPORAL,exportaciones
216,DUSSI SALIDA DE MERCANCIAS CON CARACTER COMERCIAL,exportaciones
220,SALIDA TEMPORAL PARA PERFECCIONAMIENTO PASIVO,exportaciones
225,SALIDA TEMPORAL EFECTOS DE TURISTA,exportaciones
227,REEXPORTACIÓN,exportaciones
230,REEXPORTACIÓN ART. 133,exportaciones
231,REEXPORTACIÓN ART. 134,exportaciones
235,REEXPORTACIÓN ABONA DAT,exportaciones
240,REEXPORTACIÓN ABONA DATPA,exportaciones
245,REEXPORTACIÓN ABONA DAPI,exportaciones
246,REEXPORTACIÓN ABONA DAPITS,exportaciones
248,SALIDA ABONA RANCHO DE IMPORTACIÓN,exportaciones
250,MANIFIESTO SALIDA,exportaciones
